,reads,left flank,right flank,reconstructed junction,left deletion,right deletion,MH size,MH ID,total deletion,insert size,insert ID,TINS sequence,TINS class,WT-C-3Acounts,WT-C-3Araw freq,WT-C-3Arepair freq
0,TCTGCTGCCTCCTGGCTTCTGAGGACCGCCCTGGGCCTGGGAGAATCCCTTCCCCCTCTTCCCTCGTGATCTGCAACTCCAGTCTTTCTAGAAGATGGGCGGGAGTCTTCTGGGCAGGCTTAAAGGCTAACCTGGTGTGTGGGCGTTGTCCTGCAGGGGAATTGAACAGGTGTAAAATTGGAGGGACAAGACTT,TCTTTCTAGA,AGATGGGCGG,TCTTTCTAGAAGATGGGCGG,0,0,0,,0,0,, , ,163161,0.9929406466611085, 
236,TCTGCTGCCTCCTGGCTTCTGAGGACCGCCCTGGGCCTGGGAGAATCCCTTCCCCCTCTTCCCTCGTGATCTGCAACTCCAGAGTACTATGGGCGGGAGTCTTCTGGGCAGGCTTAAAGGCTAACCTGGTGTGTGGGCGTTGTCCTGCAGGGGAATTGAACAGGTGTAAAATTGGAGGGACAAGACTT,GCAACTCCAG,ATGGGCGGGA,GCAACTCCAGAGTACTATGGGCGGGA,10,2,0,,12,6,AGTACT, ,not templated,174,0.001058903000833734,0.15000000000000094
556,TCTGCTGCCTCCTGGGCTTCTGAGGACCGCCCTGGGCCTGGGAGAATCCCTTCCCCCTCTTCCCTCGTGATCTGCAACTCCAGTCTTTCTAGAGATGGGCGGGAGTCTTCTGGGCAGGCTTAAAGGCTAACCTGGTGTGTGGGCGTTGTCCTGCAGGGGAATTGAACAGGTGTAAAATTGGAGGGACAAGACTT,TCTTTCTAGA,AGATGGGCGG,TCTTTCTAGAGATGGGCGGG,0,0,1,A,1,0,, , ,229,0.0013936137194880752,0.1974137931034495
869,TCTGCTGCCTCCTGGCTTCTGAGGACCGCCCTGGGCCTGGGAGAATCCCTTCCCCCTCTTCCCTCGTGATCTGCAACTCCAGTCTTTCTAGAGGATGGGCGGGAGTCTTCTGGGCAGGCTTAAAGGCTAACCTGGTGTGTGGGCGTTGTCCTGCAGGGGAATTGAACAGGTGTAAAATTGGAGGGACAAGACTT,TCTTTCTAGA,GATGGGCGGG,TCTTTCTAGAGGATGGGCGGG,0,1,0,,1,1,G, , ,84,0.0005111945521266302,0.07241379310344873
2130,TCTGCTGCCTCCTGGCTTCTGAGGACCGCCCTGGGCCTGGGAGAATCCCTTCCCCCTCTTCCCTCGTGATCTGCAACTCCAGTCTTTCTAAGATGGGCGGGAGTCTTCTGGGCAGGCTTAAAGGCTAACCTGGTKTGTGGGCGTTGTCCTGCAGGGGAATTGAACAGGTGTAAAATTGGAGGGACAAGACTT,AGTCTTTCTA,AGATGGGCGG,AGTCTTTCTAAGATGGGCGG,2,0,0,,2,0,, , ,41,0.0002495116266332362,0.03534482758620712
2164,TCTGCTGCCTCCTGGCTTCTGAGGACCGCCCTGGGCCTGGGAGAATCCCTTCCCCCTCTTCCCTCGTGATCTGCAACTCCAGTCTTTCTAGAAAGATGGGCGGGAGTCTTCTGGGCAGGCTTAAAGGCTAACCTGGTGTGTGGGCGTTGTCCTGCAGGGGAATTGAACAGGTGTAAAATTGGAGGGACAAGACTT,TCTTTCTAGA,AGATGGGCGG,TCTTTCTAGAAAGATGGGCGG,0,0,0,,0,1,A, , ,209,0.0012719007308864966,0.18017241379310456
2718,TCTGCTGCCTCCTGGCTTCTGAGGACCGCCCTGGGCCTGGGAGAATCCCTTCCCCCTCTTCCCTCGTGATCTGCAACTCCAGTCTTTCTAGTAGATGGGCGGGAGTCTTCTGGGCAGGCTTAAAGGCTAACCTGGTGTGTGGGCGTTGTCCTGCAGGGGAATTGAACAGGTGTAAAATTGGAGGGACAAGACTT,GTCTTTCTAG,AGATGGGCGG,GTCTTTCTAGTAGATGGGCGG,1,0,0,,1,1,T, , ,5,3.0428247150394653e-05,0.004310344827586233
3085,TCTGCTGCCTCCTGGCTTCTGAGGACCGCCCTGGGCCTGGGAGAATCCCTTCCCCCTCTTCCCTCGTGATCTGCAACTCCAGTCTTTCTAGATGGGCGGGAGTCTTCTGGGCAGGCTTAAAGGCTAACCTGGTGTGTGGGCGTTGTCCTGCAGGGGAATTGAACAGGTGTAAAATTGGAGGGACAAGACTT,TCTTTCTAGA,AGATGGGCGG,TCTTTCTAGATGGGCGGGAG,0,0,3,AGA,3,0,, , ,94,0.0005720510464274195,0.08103448275862118
3094,TCTGCTGCCTCCTGGCTTCTGAGGACCGCCCTGGACCTGGGAGAATCCCTTCCCCCTCTTCCCTCGTRATCTGCAACTCCAGTCTTTCTAGAGTACTGCGGGAGTCTTCTGGGCAGGCTTAAAGGCTAACCTGGTGTGTGGGCGTTGTCCTGCAGGGGAATTGAACAGGTGTAAAATTGGAGGGACAAGACTT,TCTTTCTAGA,GCGGGAGTCT,TCTTTCTAGAGTACTGCGGGAGTCT,0,6,0,,6,5,GTACT, ,not templated,35,0.00021299773005276258,0.030172413793103633
3129,TCTGCTGCCTCCTGGCTTCTGAGGACCGCCCTGGGCCTGGGAGAATCCCTTCCCCCTCTTCCCTCGTGATCTGCAACTCCAGTCTTTCTAGGAGATGGGCGGGAGTCTTCTGGGCAGGCTTAAAGGCTAACCTGGTGTGTGGGCGTTGTCCTGCAGGGGAATTGAACAGGTGTAAAATTGGAGGGACAAGACTT,GTCTTTCTAG,AGATGGGCGG,GTCTTTCTAGGAGATGGGCGG,1,0,0,,1,1,G, , ,55,0.0003347107186543412,0.04741379310344857
3932,TCTGCTGCCTCCTGGCTTCTGAGGACCGCCCTGGGCCTGGGAGAATCCCTTCCCCCTCTTCCCTCGTGATCTGCAACTCCAGTCTTTCTAGAATGGGCGGGAGTCTTCTGGGCAGGCTTAAAGGCTAACCTGGTGTGTGGGCGTTGTCCTGCAGGGGAATTGAACAGGTGTAAAATTGGAGGGACAAGACTT,TCTTTCTAGA,ATGGGCGGGA,TCTTTCTAGAATGGGCGGGA,0,2,0,,2,0,, , ,17,0.00010345604031134182,0.014655172413793193
4811,TCTGCTGCCTCCTGGCTTCTGAGGACCGCCCTGGGCCTGGGAGAATCCCTTCCCCCTCTTCCCTCGTGATCTGCAACTCCAGTCTTCTGGGCAGGCTTAAAGGCTAACCTGGTGTGTGGGCGTTGTCCTGCAGGGGAATTGAACAGGTGTAAAATTGGAGGGACAAGACTT,CTCCAGTCTT,AGTCTTCTGG,CTCCAGTCTTCTGGGCAGGC,6,11,6,AGTCTT,23,0,, , ,3,1.8256948290236794e-05,0.00258620689655174
5738,TCTGCTGCCTCCTGGCTTCTGAGGACCGCCCTGGGCCTGGGAGAATCCCTTCCCCCTCTTCCCTCGTGATCTGCAACTCCAGTCTTTCTAGACAAGATGGGCGGGAGTCTTCTGGGCAGGCTTAAAGGCTAACCTGGTGTGTGGGCGTTGTCCTGCAGGGGAATTGAACAGGTGTAAAATTGGAGGGACAAGACTT,TCTTTCTAGA,AGATGGGCGG,TCTTTCTAGACAAGATGGGCGG,0,0,0,,0,2,CA, , ,2,1.2171298860157861e-05,0.0017241379310344934
8235,TCTGCTGCCTCCTGGCTTCTGAGGACCGCCCTGGGCCTGGGAGAATCCCTTCCCCCTCTTCCCTCGTGATCTGCAACTCCAGTCTTTCTAGAAGATGGCGGGAGTCTTCTGGGCAGGCTTAAAGGCTAACCTGGTGTGTGGGCGTTGTCCTGCAGGGGAATTGAACAGGTGTAAAATTGGAGGGACAAGACTT,TCTTTCTAGA,GGCGGGAGTC,TCTTTCTAGAAGATGGCGGGAGTC,0,5,0,,5,4,AGAT,AGATG,top direct,3,1.8256948290236794e-05,0.00258620689655174
8557,TCTGCTGCCTCCTGGCTTCTGAGGACCGCCCTGGGCCTGGGAGAATCCCTTCCCCCTCTTCCCTCGTGATCTGCAACTCCAGTCTTTCTAGCAGATGGGCGGGAGTCTTCTGGGCAGGCTTAAAGGCTAACCTGGTGTGTGGGCGTTGTCCTGCAGGGGAATTGAACAGGTGTAAAATTGGAGGGACAAGACTT,GTCTTTCTAG,AGATGGGCGG,GTCTTTCTAGCAGATGGGCGG,1,0,0,,1,1,C, , ,4,2.4342597720315722e-05,0.0034482758620689867
9546,TCTGCTGCCTCCTGGCTTCTGAGGACCGCCCTGGGCCTGGGAGAATCCCTTCCCCCTCTTCCCTCGTGATCTGCAACTCCAGTCTTTCTAGATAGATGGGCGGGAGTCTTCTGGGCAGGCTTAAAGGCTAACCTGGTGTGTGGGCGTTGTCCTGCAGGGGAATTGAACAGGTGTAAAATTGGAGGGACAAGACTT,TCTTTCTAGA,AGATGGGCGG,TCTTTCTAGATAGATGGGCGG,0,0,0,,0,1,T, , ,4,2.4342597720315722e-05,0.0034482758620689867
11039,TCTGCTGCCTCCTGGCTTCTGAGGACCGCCCTGGGCCTGGGAGAATCCCTTCCCCCTCTTCCCTCGTGATCTGCAACTCCAGTCTTTCTGATGGGCGGGAGTCTTCTGGGCAGGCTTAAAGGCTAACCTGGTGTGTGGGCGTTGTCCTGCAGGGGAATTGAACAGGTGTAAAATTGGAGGGACAAGACTT,CAGTCTTTCT,GATGGGCGGG,CAGTCTTTCTGATGGGCGGG,3,1,0,,4,0,, , ,2,1.2171298860157861e-05,0.0017241379310344934
11592,TCTGCTGCCTCCTGGCTTCTGAGGACCGCCCTGGGCCTGGGAGAATCCCTTCCCCCTCTTCCCTCGTGATCTGCAACTCCAGAGTACCATGGGCGGGAGTCTTCTGGGCAGGCTTAAAGGCTAACCTGGTGTGTGGGCGTTGTCCTGCAGGGGAATTGAACAGGTGTAAAATTGGAGGGACAAGACTT,GCAACTCCAG,ATGGGCGGGA,GCAACTCCAGAGTACCATGGGCGGGA,10,2,0,,12,6,AGTACC, ,not templated,6,3.651389658047359e-05,0.00517241379310348
11970,TCTGCTGCCTCCTGGCTTCTGAGGACCGCCCTGGGCCTGGGAGAATCCCTTCCCCCTCTTCCCTCGTGATCTGCAACTCCAGTCTTTCAGATGGGCGGGAGTCTTCTGGGCAGGCTTAAAGGCTAACCTGGTGTGTGGGCGTTGTCCTGCAGGGGAATTGAACAGGTGTAAAATTGGAGGGACAAGACTT,CCAGTCTTTC,AGATGGGCGG,CCAGTCTTTCAGATGGGCGG,4,0,0,,4,0,, , ,20,0.00012171298860157861,0.01724137931034493
17162,TCTGCTGCCTCCTGGCTTCTGAGGACCGCCCTGGGCCTGGGAGAATCCCTTCCCCCTCTTCCCTCGTGAAGATGGGCGGGAGTCTTCTGGGCAGGCTTAAAGGCTAACCTGGTGTGTGGGCGTTGTCCTGCAGGGGAATTGAACAGGTGTAAAATTGGAGGGACAAGACTT,TCCCTCGTGA,AGATGGGCGG,TCCCTCGTGAAGATGGGCGG,23,0,0,,23,0,, , ,2,1.2171298860157861e-05,0.0017241379310344934
18400,TCTGCTGCCTCCTGGCTTCTGAGGACCGCCCTGGGCCTGGGAGAATCCCTTCCCCCTCTTCCCTCGTGATCTGCAACTCCAGTCTTTCTAGGAGTCTTCTGGGCAGGCTTAAAGGCTAACCTGGTGTGTGGGCGTTGTCCTGCAGGGGAATTGAACAGGTGTAAAATTGGAGGGACAAGACTT,GTCTTTCTAG,GGAGTCTTCT,GTCTTTCTAGGAGTCTTCTG,1,9,1,G,11,0,, , ,3,1.8256948290236794e-05,0.00258620689655174
19443,TCTGCTGCCTCCTGGCTTCTGAGGACCGCCCTGGGCCTGGGAGAATCCCTTCCCCCTCTTCCCTCGTGATCTGCAACTCCAGATCACTCCAGATCTTCTGGGCAGGCTTAAAGGCTAACCTGGTGTGTGGGCGTTGTCCTGCAGGGGAATTGAACAGGTGTAAAATTGGAGGGACAAGACTT,GCAACTCCAG,TCTTCTGGGC,GCAACTCCAGATCACTCCAGATCTTCTGGGC,10,13,0,,23,11,ATCACTCCAGA,ATCAC,top inverted,2,1.2171298860157861e-05,0.0017241379310344934
19458,TCTGCTGCCTCCTGGCTTCTGAGGACCGCCCTGGGCCTGGGAGAATCCCTTCCCCCTCTTCCCTCGTGATCTGCAACTCCAGTCTTTCTAAAGATGGGCGGGAGTCTTCTGGGCAGGCTTAAAGGCTAACCTGGTGTGTGGGCGTTGTCCTGCAGGGGAATTGAACAGGTGTAAAATTGGAGGGACAAGACTT,AGTCTTTCTA,AGATGGGCGG,AGTCTTTCTAAAGATGGGCGG,2,0,0,,2,1,A, , ,7,4.2599546010552516e-05,0.006034482758620727
20051,TCTGCTGCCTCCTGGCTTCTGAGGACCGCCCTGGGCCTGGGAGAATCCCTTCCCCCTCTTCCCTCGTGATCTGCAACTCCAGTCTTTCTAGAAAATGGGCGGGAGTCTTCTGGGCAGGCTTAAAGGCTAACCTGGTGTGTGGGCGTTGTCCTGCAGGGGAATTGAACAGGTGTAAAATTGGAGGGACAAGACTT,TCTTTCTAGA,ATGGGCGGGA,TCTTTCTAGAAAATGGGCGGGA,0,2,0,,2,2,AA, , ,5,3.0428247150394653e-05,0.004310344827586233
21957,TCTGCTGCCTCCTGGCTTCTGAGGACCGCCCTGGGCCTGGGAGAATCCCTTCCCCCTCTTCCCTCGTGATCTGCAACTCCAGTCTTTCTAGAGAGATGGGCGGGAGTCTTCTGGGCAGGCTTAAAGGCTAACCTGGTGTGTGGGCGTTGTCCTGCAGGGGAATTGAACAGGTGTAAAATTGGAGGGACAAGACTT,TCTTTCTAGA,AGATGGGCGG,TCTTTCTAGAGAGATGGGCGG,0,0,0,,0,1,G, , ,5,3.0428247150394653e-05,0.004310344827586233
22596,TTGCTGCCTCCTGGCTTCTGAGGACCGCCCTGGGCCTGGGAGAATCCCTTCCCCCTCTTCCCTCGTGATCTGCAACTCCAGTGATGGGCGGGAGTCTTCTGGGCAGGCTTAAAGGCTAACCTGGTGTGTGGGCGTTGTCCTGCAGGGGAATTGAACAGGTGTAAAATTGGAGGGACAAGACTT,CAACTCCAGT,GATGGGCGGG,CAACTCCAGTGATGGGCGGG,9,1,0,,10,0,, , ,1,6.0856494300789305e-06,0.0008620689655172467
23423,TCTGCTGCCTCCTGGCTTCTGAGGACCGCCCTGGGCCTGGGAGAATCCCTTCCCCCTCTTCCCTCGTGATCTGCAACTCCAGTCTTTCTAGACAGGTCCTTCAGTGTGCATTTCTCATTTTTCAAGATGGGCGGGAGTCTTCTGGGCAGGCTTAAAGGCTAACCTGGTGTGTGGGCGTTGTCCTGCAGGGGAATTGAACAGGTGTAAAATTGGAGGGACAAGACTT,TCTTTCTAGA,AGATGGGCGG,TCTTTCTAGACAGGTCCTTCAGTGTGCATTTCTCATTTTTCAAGATGGGCGG,0,0,0,,0,32,CAGGTCCTTCAGTGTGCATTTCTCATTTTTCA, ,not templated,1,6.0856494300789305e-06,0.0008620689655172467
24412,TCTGCTGCCTCCTGGCTTCTGAGGACCGCCCTGGGCCTGGGAGAATCCCTTYCCCCTCTTCCCTCGTGATCTGCAACTCCAGTCTTTCTAGAGGGAGTCTTCTGGGCAGGCTTAAAGGCTAACCTGGTGTGTGGGCGTTGTCCTGCAGGGGAATTGAACAGGTGTAAAATTGGAGGGACAAGACTT,TCTTTCTAGA,GGGAGTCTTC,TCTTTCTAGAGGGAGTCTTC,0,8,0,,8,0,, , ,1,6.0856494300789305e-06,0.0008620689655172467
24882,TCTGCTGCCTCCTGGCTTCTGAGGACCGCCCTGGGCCTGGGAGAATCCCTTCCCCCTCTTCCCTCGTGATCTGCAACTCCAGTCTTTCTAGATCTTCTGGGCAGGCTTAAAGGCTAACCTGGTGTGTGGGCGTTKTCCTGCAGGGGAATTGAACAGGTGTAAAATTGGAGGGACAAGACTT,TCTTTCTAGA,TCTTCTGGGC,TCTTTCTAGATCTTCTGGGC,0,13,0,,13,0,, , ,1,6.0856494300789305e-06,0.0008620689655172467
27236,TCTGCTGCCTCCTGGCTTCTGAGGACCGCCCTGGGCCTGGGAGAATCCCTTCCCCCTYTTCCCTCGTGATCTGCAACTCCAGTCTTTCTTAGATGGGCGGGAGTCTTCTGGGCAGGCTTAAAGGCTAACCTGGTGTGTGGGCGTTGTCCTGCAGGGGAATTGAACAGGTGTAAAATTGGAGGGACAAGACTT,CAGTCTTTCT,AGATGGGCGG,CAGTCTTTCTTAGATGGGCGG,3,0,0,,3,1,T, , ,2,1.2171298860157861e-05,0.0017241379310344934
27386,TCTGCTGCCTCCTGGCTTCTGAGGACCGCCCTGGGCCTGGGAGAATCCCTTCCCCCTCTTCCCTCGTGATCTGCAACTCCAGTCTTTTAGATGGGCGGGAGTCTTCTGGGCAGGCTTAAAGGCTAACCTGGTGTGTGGGCGTTGTCCTGCAGGGGAATTGAACAGGTGTAAAATTGGAGGGACAAGACTT,TCCAGTCTTT,AGATGGGCGG,TCCAGTCTTTTAGATGGGCGG,5,0,0,,5,1,T, , ,2,1.2171298860157861e-05,0.0017241379310344934
28295,TCTGCTGCCTCCTGGCTTCTGAGGACCGCCCTGGGCCTGGGAGAATCCCTTCCCCCTCTTYCCTCGTGATCTGCAACTCCAGTCTTTCTAGACAGATGGGCGGGAGTCTTCTGGGCAGGCTTAAAGGCTAACCTGGTGTGTGGGCGTTGTCCTGCAGGGGAATTGAACAGGTGTAAAATTGGAGGGACAAGGCTT,TCTTTCTAGA,AGATGGGCGG,TCTTTCTAGACAGATGGGCGG,0,0,0,,0,1,C, , ,6,3.651389658047359e-05,0.00517241379310348
28948,TCTGCTGCCTCCTGGCTTCTGAGGACCGCCCTGGGCCTGGGAGAATCCCTTCCCCCTYTTCCCTCGTGATCTGCAACTCCAGTCTTTAGAAGATGGGCGGGAGTCTTCTGGGCAGGCTTAAAGGCTAACCTGGTGTGTGGGCGTTGTCCTGCAGGGGAATTGAACAGGTGTAAAATTGGAGGGACAAGACTT,TCCAGTCTTT,AGATGGGCGG,TCCAGTCTTTAGAAGATGGGCGG,5,0,0,,5,3,AGA, ,not templated,1,6.0856494300789305e-06,0.0008620689655172467
29690,TCTGCTGCCTCCTGGCTTACTCCTCGTGGCTGGCTCAGCCTGCTTTTCTATAGAGCCCAGGACCACCAGCCCAGGGATGGCCACACCAAAAATGGAATGGCCCCTTCCCTACCAATCACTACTTAAGAAAATAACTACAGCTGGATCGTTTGGAGGGACAAGACTT,CTCCTGGCTT,TTGGAGGGAC,CTCCTGGCTTACTCCTCGTGGCTGGCTCAGCCTGCTTTTCTATAGAGCCCAGGACCACCAGCCCAGGGATGGCCACACCAAAAATGGAATGGCCCCTTCCCTACCAATCACTACTTAAGAAAATAACTACAGCTGGATCGTTTGGAGGGAC,74,85,0,,159,131,ACTCCTCGTGGCTGGCTCAGCCTGCTTTTCTATAGAGCCCAGGACCACCAGCCCAGGGATGGCCACACCAAAAATGGAATGGCCCCTTCCCTACCAATCACTACTTAAGAAAATAACTACAGCTGGATCGT, ,not templated,1,6.0856494300789305e-06,0.0008620689655172467
30704,TCTGCTGCCTCCTGGCTTCTGAGGACCGCCCTGGGCCTGGGAGAATCCCTTCCCCCTCTTCCCTCGTGATCTGCAACTCCAGTCTTTCAAGATGGGCGGGAGTCTTCTGGGCAGGCTTAAAGGCTAACCTGGTGTGTGGGCGTTGTCCTGCAGGGGAATTGAACAGGTGTAAAATTGGAGGGACAAGACTT,CCAGTCTTTC,AGATGGGCGG,CCAGTCTTTCAAGATGGGCGG,4,0,0,,4,1,A, , ,6,3.651389658047359e-05,0.00517241379310348
31310,TCTGCTGCCTCCTGGCTTCTGAGGACCGCCCTGGGCCTGGGAGAATCCCTTCCCCCTCTTCCCTCGTGATCTGCAACTCCAGTCTAGAAAGATGGGCGGGAGTCTTCTGGGCAGGCTTAAAGGCTAACCTGGTGTGTGGGCGTTGTCCTGCAGGGGAATTGAACAGGTGTAAAATTGGAGGGACAAGACTT,ACTCCAGTCT,AGATGGGCGG,ACTCCAGTCTAGAAAGATGGGCGG,7,0,0,,7,4,AGAA,AGAAA,top inverted,1,6.0856494300789305e-06,0.0008620689655172467
31618,TCTGCTGCCTCCTGGCTTCTGAGGACCGCCCTGGGCCTGGGAGAATCCCTTCCCCCTCTTCCCTCGTGATCTGCAACTCCAGTCTTTCTAGAATATGGGCGGGAGTCTTCTGGGCAGGCTTAAAGGCTAACCTGGTGTGTGGGCGTTGTCCTGCAGGGGAATTGAACAGGTGTAAAATTGGAGGGACAAGACTT,TCTTTCTAGA,ATGGGCGGGA,TCTTTCTAGAATATGGGCGGGA,0,2,0,,2,2,AT, , ,4,2.4342597720315722e-05,0.0034482758620689867
32498,TCTGCTGCCTCCTGGCTTCTGAGGACCGCCCTGGGCCTGGGAGAATCCCTTCCCCCTCTTCCCCGATGGGCGGGAGTCTTCTGGGCAGGCTTAAAGGCTAACCTGGTGTGTGGGCGTTGTCCTGCAGGGGAATTGAACAGGTGTAAAATTGGAGGGACAAGACTT,CCCTCTTCCC,GATGGGCGGG,CCCTCTTCCCCGATGGGCGGG,29,1,0,,30,1,C, , ,1,6.0856494300789305e-06,0.0008620689655172467
33756,TCTGCTGCCTCCTGGCTTCTGAGGACCGCCCTGGGCCTGGGAGAATCCCTTCCCCCTCTTCCCTCGTGATCTGCAACTCCAGTCTTTCTAAAAGATGGGCGGGAGTCTTCTGGGCAGGCTTAAAGGCTAACCTGGTGTGTGGGCGTTGTCCTGCAGGGGAATTGAACAGGTGTAAAATTGGAGGGACAAGACTT,AGTCTTTCTA,AGATGGGCGG,AGTCTTTCTAAAAGATGGGCGG,2,0,0,,2,2,AA, , ,6,3.651389658047359e-05,0.00517241379310348
34178,TCTGCTGCCTCCTGGCTTCTGAGGACCGCCCTGGGCCTGGGAGAATCCCTTCCCCCTCTTCCCTCGTGATCTGCAACTCCAGTCTTTCTACAGATGGGCGGGAGTCTTCTGGGCAGGCTTAAAGGCTAACCTGGTGTGTGGGCGTTGTCCTGCAGGGGAATTGAACAGGTGTAAAATTGGAGGGACAAGACTT,AGTCTTTCTA,AGATGGGCGG,AGTCTTTCTACAGATGGGCGG,2,0,0,,2,1,C, , ,1,6.0856494300789305e-06,0.0008620689655172467
35324,TCTGCTGCCTCCTGGCTTCTGAGGACCGCCCTGGGCCTGGGAGAATCCCTTCCCCCTCTTCCCTCGTGATCTGCAACTCCAGTCTTTCAGAAGATGGGCGGGAGTCTTCTGGGCAGGCTTAAAGGCTAACCTGGTGTGTGGGCGTTGTCCTGCAGGGGAATTGAACAGGTGTAAAATTGGAGGGACAAGACTT,CCAGTCTTTC,AGATGGGCGG,CCAGTCTTTCAGAAGATGGGCGG,4,0,0,,4,3,AGA, ,not templated,4,2.4342597720315722e-05,0.0034482758620689867
37391,TCTGCTGCCTCCTGGCTTCTGAGGACCGCCCTGGGCCTGGGAGAATCCCTTCCCCCTCTTCCCTCGTGATCTGCAACTCCAGAGATGGGCGGGAGTCTTCTGGGCAGGCTTAGAGGCTAACCTGGTGTGTGGGCKTTGTCCTGCAGGGGAATTGAACAGGTGTAAAATTGGAGGGACAAGACTT,GCAACTCCAG,AGATGGGCGG,GCAACTCCAGAGATGGGCGG,10,0,0,,10,0,, , ,1,6.0856494300789305e-06,0.0008620689655172467
38365,TCTGCTGCCTCCTGGCTTCTGAGGACCGCCCTGGGCCTGGGAGAATCCCTTCCCCCTCTTCCCTCGTGATCTGCAACTCCAGTCTAGATGGGCGGGAGTCTTCTGGGCAGGCTTAAAGGCTAACCTGGTGTGTGGGCGTTGTCCTGCAGGGGAATTGAACAGGTGTAAAATTGGAGGGACAAGACTT,ACTCCAGTCT,AGATGGGCGG,ACTCCAGTCTAGATGGGCGG,7,0,0,,7,0,, , ,5,3.0428247150394653e-05,0.004310344827586233
40499,TCTGCTGCCTCCTGGCTTCTGAGGACCGCCCTGGGCCTGGGAGAATCCCTTCCCCCTCTTCCCTCGTGATCTGCAACTCCAGTCTTTCTAGGCGGGAGTCTTCTGGGCAGGCTTAAAGGCTAACCTGGTGTGTGGGCGTTGTCCTGCAGGGGAATTGAACAGGTGTAAAATTGGAGGGACAAGACTT,GTCTTTCTAG,GGCGGGAGTC,GTCTTTCTAGGCGGGAGTCT,1,5,1,G,7,0,, , ,1,6.0856494300789305e-06,0.0008620689655172467
40659,TCTGCTGCCTCCTGGCTTCTGAGGACCGCCCTGGGCCTGGGAGAATCCCTTCCCCCTCTTCCCTCGTGATCTGCAACTCCAGTCAGATGGGCGGGAGTCTTCTGGGCAGGCTTAAAGGCTAACCTGGTGTGTGGGCGTTGTCCTGCAGGGGAATTGAACAGGTGTAAAATTGGAGGGACAAGACTT,AACTCCAGTC,AGATGGGCGG,AACTCCAGTCAGATGGGCGG,8,0,0,,8,0,, , ,1,6.0856494300789305e-06,0.0008620689655172467
41564,TCTGCTGCCTCCTGGCTTCTGAGGACCGCCCTGGGCCTGGGAGAATCCCTTCCCCCTCTTCCCTCGTGATCTGCAACTCAGGCTTAAAGGCTAACCTGGTGTGTGGGCGTTGTCCTGCAGGGGAATTGAACAGGTGTAAAATTGGAGGGACAAGACTT,TCTGCAACTC,CAGGCTTAAA,TCTGCAACTCAGGCTTAAAG,13,22,1,C,36,0,, , ,3,1.8256948290236794e-05,0.00258620689655174
42509,TCTGCTGCCTCCTGGCTTCTGAGGACCGCCCTGGGCCTGGGAGAATCCCTTCCCCCTCTTCCCTCGTGATCTGCAACTCCAGTCTTTCTAGATGATGGGCGGGAGTCTTCTGGGCAGGCTTAAAGGCTAACCTGGTGTGTGGGCGTTGTCCTGCAGGGGAATTGAACAGGTGTAAAATTGGAGGGACAAGACTT,TCTTTCTAGA,GATGGGCGGG,TCTTTCTAGATGATGGGCGGG,0,1,0,,1,1,T, , ,4,2.4342597720315722e-05,0.0034482758620689867
43425,TCTGCTGCCTCCTGGCTTCTGAGGACCGCCCTGGGCCTGGGAGAATCCCTTCCCCCTCTTCCCTCGTGATCTGCAACTCCAGTCTTTCTAGGGGCGGGAGTCTTCTGGGCAGGCTTAAAGGCTAACCTGGTGTGTGGGCGTTGTCCTGCAGGGGAATTGAACAGGTGTAAAATTGGAGGGACAAGACTT,GTCTTTCTAG,GGGCGGGAGT,GTCTTTCTAGGGGCGGGAGT,1,4,0,,5,0,, , ,1,6.0856494300789305e-06,0.0008620689655172467
44406,TCTGCTGCCTCCTGGCTTCTGAGGACCGCCCTGGGCCTGGGAGAATCCCTTCCCCCTCTTCCCTCGTGATCTGCAACTCCAGTCTTTCTAGAGGGGCGGGAGTCTTCTGGGCAGGCTTAAAGGCTAACCTGGTGTGTGGGCGTTGTCCTGCAGGGGAATTGAACAGGTGTAAAATTGGAGGGACAAGACTT,TCTTTCTAGA,GGGCGGGAGT,TCTTTCTAGAGGGGCGGGAGT,0,4,0,,4,1,G, , ,2,1.2171298860157861e-05,0.0017241379310344934
47128,TCTGCTGCCTCCTGGCTTCTGAGGACCGCCCTGGGCCTGGGAGAATCCCTTCCCCCTCTTCCCTCGTGATCTGCAACTCCAGTCTTTCTAGACGATGGGCGGGAGTCTTCTGGGCAGGCTTAAAGGCTAACCTGGTGTGTGGGCGTTGTCCTGCAGGGGAATTGAACAGGTGTAAAATTGGAGGGACAAGACTT,TCTTTCTAGA,GATGGGCGGG,TCTTTCTAGACGATGGGCGGG,0,1,0,,1,1,C, , ,3,1.8256948290236794e-05,0.00258620689655174
48101,TCTGCTGCCTCCTGGCTTCTGAGGACCGCCCTGGGCCTGGGAGAATCCCTTCCCCCTCTTCCCTCGTGATCTGCAATGGGCGGGAGTCTTCTGGGCAGGCTTAAAGGCTAACCTGGTGTGTGGGCGTTGTCCTGCAGGGGAATTGAACAGGTGTAAAATTGGAGGGACAAGACTT,TGATCTGCAA,ATGGGCGGGA,TGATCTGCAATGGGCGGGAG,16,2,1,A,19,0,, , ,1,6.0856494300789305e-06,0.0008620689655172467
48433,TCTGCTGCCTCCTGGCTTCTGAGGACCGCCCTGGGCCTGGGAGAATCCCTTCCCCCTCTTCCCTCGTGATCTGCAACTCCAGTCTTTCTAGATAAGATGGGCGGGAGTCTTCTGGGCAGGCTTAAAGGCTAACCTGGTGTGTGGGCGTTGTCCTGCAGGGGGATTGAACAGGTGTAAAATTGGAGGGACAAGACTT,TCTTTCTAGA,AGATGGGCGG,TCTTTCTAGATAAGATGGGCGG,0,0,0,,0,2,TA, , ,1,6.0856494300789305e-06,0.0008620689655172467
48817,TCTGCTGCCTCCTGGCTTCTGAGGACCGCCCTGGGAATTGAACAGGTGTAAAATTGGAGGGACAAGACTT,CCGCCCTGGG,GGGAATTGAA,CCGCCCTGGGAATTGAACAG,57,64,3,GGG,124,0,, , ,1,6.0856494300789305e-06,0.0008620689655172467
49625,TCTGCTGCCTCCTGGCTTCTGAGGACCGCCCTGGGCCTGGGAGAATCCCTTCCCCCTCTTCCCTCGTGATCTGCAACTCCAGTCTTTCTAGAAATACTTTGTGTTTGTTCCAATATGGGCGGGAGTCTTCTGGGCAGGCTTAAAGGCTAACCTGGTGTGTGGGCGTTGTCCTGCAGGGGAATTGAACAGGTGTAAAATTGGAGGGACAAGACTT,TCTTTCTAGA,ATGGGCGGGA,TCTTTCTAGAAATACTTTGTGTTTGTTCCAATATGGGCGGGA,0,2,0,,2,22,AATACTTTGTGTTTGTTCCAAT, ,not templated,1,6.0856494300789305e-06,0.0008620689655172467
51543,TCTGCTGCCTCCTGGCAATTGGAGGGACAAGACTT,GCCTCCTGGC,AATTGGAGGG,GCCTCCTGGCAATTGGAGGG,76,83,0,,159,0,, , ,3,1.8256948290236794e-05,0.00258620689655174
54127,TCTGCTGCCTCCTGGCTTCTGAGGACCGCCCTGGGCCTGGGAGAATCCCTTCCCCCTCTTCCCTCGTGATCTGCAACTCCAGTCTTTCTAGACTGGGCAGGCTTAAAGGCTAACCTGGTGTGTGGGCGTTGTCCTGCAGGGGAATTGAACAGGTGTAAAATTGGAGGGACAAGACTT,TCTTTCTAGA,CTGGGCAGGC,TCTTTCTAGACTGGGCAGGC,0,17,0,,17,0,, , ,1,6.0856494300789305e-06,0.0008620689655172467
60693,TCTGCTGCCTCCTGGCTTCTGAGGACCGCCCTGGGCCTGGGAGAATCCCTTCCCCCTCTTCCCTCGTGATCTGCAACTCCAGTCTTTCTATAAGATGGGCGGGAGTCTTCTGGGCAGGCTTAAAGGCTAACCTGGTGTGTGGGCGTTGTCCTGCAGGGGAATTGAACAGGTGTAAAATTGGAGGGACAAGACTT,AGTCTTTCTA,AGATGGGCGG,AGTCTTTCTATAAGATGGGCGG,2,0,0,,2,2,TA, , ,3,1.8256948290236794e-05,0.00258620689655174
65359,TCTGCTGCCTCCTGGCTTCTGAGGACCGCCCTGGGCCTGGGAGAATCCCTTCTCCCTCTTCCCTCGTGATCTGCAACTCCAGTCTTTAGATGGGCGGGAGTCTTCTGGGCAGGCTTAAAGGCTAACCTGGTGTGTGGGCGTTGTCCTGCAGGGGAATTGAACAGGTGTAAAATTGGAGGGACAAGACTT,TCCAGTCTTT,AGATGGGCGG,TCCAGTCTTTAGATGGGCGG,5,0,0,,5,0,, , ,2,1.2171298860157861e-05,0.0017241379310344934
67594,TCTGCTGCCTCCTGTGCAATTGGAGGGACAAGACTT,CTGCCTCCTG,AATTGGAGGG,CTGCCTCCTGTGCAATTGGAGGG,78,83,0,,161,3,TGC, ,not templated,2,1.2171298860157861e-05,0.0017241379310344934
69010,TCTGCTGCCTCCTGGCTTCTGAGGACCGCCCTGGGCCTGGGAGAATCCCTTCYCCCTCTTCCCTCGTGATCTGCAACTAGATGGGCGGGAGTCTTCTGGGCAGGCTTAAAGGCTAACCTGGTGTGTGGGCGTTGTCCTGCAGGGGAATTGAACAGGTGTAAAATTGGAGGGACAAGACTT,ATCTGCAACT,AGATGGGCGG,ATCTGCAACTAGATGGGCGG,14,0,0,,14,0,, , ,2,1.2171298860157861e-05,0.0017241379310344934
69135,TCTGCTGCCTCCTGGCTTCTGAGGACCGCCCTGGGCCTGGGAGAATCCCTTCTCCCTCTTCCCTCGTGATCTGCAACTCCAGTCTTTCTAGATGGCGGGAGTCTTCTGGGCAGGCTTAAAGGCTAACCTGGTGTGTGGGCGTTGTCCTGCAGGGGAATTGAACAGGTGTAAAATTGGAGGGACAAGACTT,TCTTTCTAGA,GGCGGGAGTC,TCTTTCTAGATGGCGGGAGTC,0,5,0,,5,1,T, , ,1,6.0856494300789305e-06,0.0008620689655172467
74718,TCTGCTGCCTCCTGGCTTCTGAGGACCGCCCTGGGCCTGGGAGAATCCCTTCCCCCTCTTCCCTCGTGATCTGCAACTCCAGTCTTTCTCACTCAAGATGGGCGGGAGTCTTCTGGGCAGGCTTAAAGGCTAACCTGGTGTGTGGGCGTTGTCCTGCAGGGGAATTGAACAGGTGTAAAATTGGAGGGACAAGACTT,CAGTCTTTCT,AGATGGGCGG,CAGTCTTTCTCACTCAAGATGGGCGG,3,0,0,,3,6,CACTCA, ,not templated,1,6.0856494300789305e-06,0.0008620689655172467
74893,TCTGCTACCTCCTGGCTTCTGAGGACCGCCCTGGGCCTGGGAGAATCCCTTCCCCCTCTTCCCTCGTGATCTGCAACTCCAGTCTTTCTAGAAAAGATGGGCGGGAGTCTTCTGGGCAGGCTTAAAGGCTAACCTGGTGTGTGGGCGTTGTCCTGCAGGGGAATTGAACAGGTGTAAAATTGGAGGGACAAGACTT,TCTTTCTAGA,AGATGGGCGG,TCTTTCTAGAAAAGATGGGCGG,0,0,0,,0,2,AA, , ,1,6.0856494300789305e-06,0.0008620689655172467
75823,TCTGCTGCCTCCTGGCTTCTGAGGACCGCCCTGGGCCTGGGAGAATCCCTTCCCCCTCTTCCCTCGTGATCTGCAACTCCAGTCTTTCTAGATTGGGCGGGAGTCTTCTGGGCAGGCTTAAAGGCTAACCTGGTGTGTGGGCGTTGTCCTGCAGGGGAATTGAACAGGTGTAAAATTGGAGGGACAAGACTT,TCTTTCTAGA,TGGGCGGGAG,TCTTTCTAGATTGGGCGGGAG,0,3,0,,3,1,T, , ,1,6.0856494300789305e-06,0.0008620689655172467
75873,TCTGCTGCCTCCTGGCTTCTGAGGACCGCCCTGGGCCTGGGAGAATCCCTTCCCCCTCTTCCCTCGTGATCTGCAACTCCAGTCTTTCTAAAAAGATGGGCGGGAGTCTTCTGGGCAGGCTTAAAGGCTAACCTGGTGTGTGGGCGTTGTCCTGCAGGGGAATTGAACAGGTGTAAAATTGGAGGGACAAGACTT,AGTCTTTCTA,AGATGGGCGG,AGTCTTTCTAAAAAGATGGGCGG,2,0,0,,2,3,AAA, ,not templated,2,1.2171298860157861e-05,0.0017241379310344934
77099,TCTGCTGCCTCCTGGCTTCTGAGGACCGCCCTGGGCCTGGGAGAATCCCTTTCCCCTCTTCCCTCGTGATCTGCAACTCCAGTCTTTTGGGCGGGAGTCTTCTGGGCAGGCTTAAAGGCTAACCTGGTGTGTGGGCGTTGTCCTGCAGGGGAATTGAACAGGTGTAAAATTGGAGGGACAAGACTT,TCCAGTCTTT,TGGGCGGGAG,TCCAGTCTTTTGGGCGGGAG,5,3,0,,8,0,, , ,1,6.0856494300789305e-06,0.0008620689655172467
77145,TCTGCTGCCTCCTGGCTTCTGAGGACCGCCCTGGGCCTGGGAGAATCCCTTCCCCCTCTTCCCTCGTGATCTGCAACTCCAGTCTTTCTATGGGCGGGAGTCTTCTGGGCAGGCTTAAAGGCTAACCTGGTGTGTGGGCGTTGTCCTGCAGGGGAATTGAACAGGTGTAAAATTGGAGGGACAAGACTT,AGTCTTTCTA,ATGGGCGGGA,AGTCTTTCTATGGGCGGGAG,2,2,1,A,5,0,, , ,4,2.4342597720315722e-05,0.0034482758620689867
77624,TCTGCTGCCTCCTGGCTTCTGAGGACCGCCCTGGGCCTGGGAGAATCCCTTCCCCCTCTTCCCTCGTGATCTGCAACTCCAGTCTTTCTAGGGATGGGCGGGAGTCTTCTGGGCAGGCTTAAAGGCTAACCTGGTGTGTGGGCGTTGTCCTGCAGGGGAATTGAACAGGTGTAAAATTGGAGGGACAAGACTT,GTCTTTCTAG,GATGGGCGGG,GTCTTTCTAGGGATGGGCGGG,1,1,0,,2,1,G, , ,1,6.0856494300789305e-06,0.0008620689655172467
78078,TCTGCTGCCTCCTGGCTTCTGAGGACCGCCCTGGGCCTGGGAGAATCCCTTCCCCCTCTTCCCTCGTGATCTGCAACTCCAGTCTCGGCGGGAGTCTTCTGGGCAGGCTTAAAGGCTAACCTGGTGTGTGGGCGTTGTCCTGCAGGGGAATTGAACAGGTGTAAAATTGGAGGGACAAGACTT,ACTCCAGTCT,GGCGGGAGTC,ACTCCAGTCTCGGCGGGAGTC,7,5,0,,12,1,C, , ,1,6.0856494300789305e-06,0.0008620689655172467
80200,TCTGCTGCCTCCTGGCTTCTGAGGACCGCCCTGGGCCTGGGAGAATCCCTTCCCCCTCTTCCCTCGTGATCTGCAACTCCAGTCTTTCTAGAGGGCGGGAGTCTTCTGGGCAGGCTTAAAGGCTAACCTGGTGTGTGGGCGTTGTCCTGCAGGGGAATTGAACAGGTGTAAAATTGGAGGGACAAGACTT,TCTTTCTAGA,GGGCGGGAGT,TCTTTCTAGAGGGCGGGAGT,0,4,0,,4,0,, , ,2,1.2171298860157861e-05,0.0017241379310344934
81302,TCTGCTGCCTCCTGGCTTCTGAGGACCGCCCTGGGCCTGGGAGAATCCCTTCCCCCTCTTCCCTCGTGATCTGCAACTCCAGTCAAGATGGGCGGGAGTCTTCTGGGCAGGCTTAAAGGCTAACCTGGTGTGTGGGCGTTGTCCTGCAGGGGAATTGAACAGGTGTAAAATTGGAGGGACAAGACTT,AACTCCAGTC,AGATGGGCGG,AACTCCAGTCAAGATGGGCGG,8,0,0,,8,1,A, , ,1,6.0856494300789305e-06,0.0008620689655172467
81349,TCTGCTGCCTCCTGGCTTCTGAGGACCGCCCTGGGCCTGGGAGAATCCCTTCCCCCTCTTCCCTCGTGATCTGCAACTCCAGTCTTTCTAGGATGGGCGGGAGTCTTCTGGGCAGGCTTAAAGGCTAACCTGGTGTGTGGGCGTTGTCCTGCAGGGGAATTGAACAGGTGTAAAATTGGAGGGACAAGACTT,GTCTTTCTAG,GATGGGCGGG,GTCTTTCTAGGATGGGCGGG,1,1,0,,2,0,, , ,2,1.2171298860157861e-05,0.0017241379310344934
84636,TCTGCTGCCTCCTGGCTTCTGAGGACCGCCCTGGGCCTGGGAGAATCCCTTCCCCCTCTTCCCTCGTGATCTGCAACTCCAGTCTTAAGATGGGCGGGAGTCTTCTGGGCAGGCTTAAAGGCTAACCTGGTGTGTGGGCGTTGTCCTGCAGGGGAATTGAACAGGTGTAAAATTGGAGGGACAAGACTT,CTCCAGTCTT,AGATGGGCGG,CTCCAGTCTTAAGATGGGCGG,6,0,0,,6,1,A, , ,1,6.0856494300789305e-06,0.0008620689655172467
86319,TCTGCTGCCTCCTGGCTTCTGAGGACCGCCCTGGGCCTGGGAGAATCCCTTCCCCCTCTTCCCTCGTGATCTGCAACTCCAGTCTTTCTAGGGCGGGAGTCTTCTGGGCAGGCTTAAAGGCTAACCTGGTGTGTGGGCGTTGTCCTGCAGGGGAATTGAACAGGTGTAAAATTGGAGGGACAAGACTT,GTCTTTCTAG,GGGCGGGAGT,GTCTTTCTAGGGCGGGAGTC,1,4,1,G,6,0,, , ,3,1.8256948290236794e-05,0.00258620689655174
89429,TCTGCTGCCTCCTGGCTTCTGAGGACCGCCCTGGGCCTGGGAGAATCCCTTCCCCCTCTTCCCTCGTGATCTGCAACTCCAGTCTTTCTAGAGCGGGAGTCTTCTGGGCAGGCTTAAAGGCTAACCTGGTGTGTGGGCGTTGTCCTGCAGGGGAATTGAACAGGTGTAAAATTGGAGGGACAAGACTT,TCTTTCTAGA,GCGGGAGTCT,TCTTTCTAGAGCGGGAGTCT,0,6,0,,6,0,, , ,2,1.2171298860157861e-05,0.0017241379310344934
89823,TCTGCTGCCTCCTGGCTTCTGAGGACCGCCCTGGGCCTGGGAGAATCCCTTCCCCCTCTTCCCTCGTGATCTGCAACTCGGGAGTCTTCTGGGCAGGCTTAAAGGCTAACCTGGTGTGTGGGCGTTGTCCTGCAGGGGAATTGAACAGGTGTAAAATTGGAGGGACAAGACTT,TCTGCAACTC,CGGGAGTCTT,TCTGCAACTCGGGAGTCTTC,13,7,1,C,21,0,, , ,1,6.0856494300789305e-06,0.0008620689655172467
93143,TCTGCTGCCTCCTGGCTTCTGAGGACCGCCCTGGGCCTGGGAGAATCCCTTCCCCCTCTTCCCTCGTGATCTGCAACTCCAGGGCGGGAGTCTTCTGGGCAGGCTTAAAGGCTAACCTGGTGTGTGGGCGTTGTCCTGCAGGGGAATTGAACAGGTGTAAAATTGGAGGGACAAGACTT,GCAACTCCAG,GGGCGGGAGT,GCAACTCCAGGGCGGGAGTC,10,4,1,G,15,0,, , ,1,6.0856494300789305e-06,0.0008620689655172467
98152,TCTGCTGCCTCCTGGCTTCTGAGGACCGCCCTGGGCCTGGGAGAATCCCTTCCCCCTCTTCCCTCGTGATCTGCAACTCCAGTCTTTCTATTTGGGCGGGAGTCTTCTGGGCAGGCTTAAAGGCTAACCTGGTGTGTGGGCGTTGTCCTGCAGGGGAATTGAACAGGTGTAAAATTGGAGGGACAAGACTT,AGTCTTTCTA,TGGGCGGGAG,AGTCTTTCTATTTGGGCGGGAG,2,3,0,,5,2,TT, , ,1,6.0856494300789305e-06,0.0008620689655172467
98247,TCTGCTGCCTCCTGGCTTCTGAGGACCGCCCTGGGCCTGGGAGAATCCCTTCCCCCTCTTCCCTCGTGATCTGCAACTCCAGTCTTTCTAGAACAGATGGGCGGGAGTCTTCTGGGCAGGCTTAAAGGCTAACCTGGTGTGTGGGCGTTGTCCTGCAGGGGAATTGAACAGGTGTAAAATTGGAAGGACAAGACTT,TCTTTCTAGA,AGATGGGCGG,TCTTTCTAGAACAGATGGGCGG,0,0,0,,0,2,AC, , ,1,6.0856494300789305e-06,0.0008620689655172467
99152,TCTGCTGCCTCCTGGCTTCTGAGGACCGCCCTGGGCCTGGGAGAATCCCTTCCCCCTCTTCCCTCGTGATCTGCAACTCCAGTCTTTCTAGAGTCTTCTGGGCAGGCTTAAAGGCCAACCTGGTGTGTGGGCGTTGTCCTGCAGGGGAATTGAACAGGTGTAAAATTGGAGGGACAAGACTT,TCTTTCTAGA,GAGTCTTCTG,TCTTTCTAGAGTCTTCTGGG,0,10,2,GA,12,0,, , ,1,6.0856494300789305e-06,0.0008620689655172467
105884,TCTGCTGCCTCCTGGCTTCTGAGGACCGCCCTGGGCCTGGGAGAATCCCTTCCCCCTCTTCCCTCGTGATCTGCAACTCCAGTCTTCTAGAAGATGGGCGGGAGTCTTCTGGGCAGGCTTAAAGGCTAACCTGGTGTGTGGGCGTTGTCCTGCAGGGGAATTGAACAGGTGTAAAATTGGAGGGACAAGACTT,CTCCAGTCTT,AGATGGGCGG,CTCCAGTCTTCTAGAAGATGGGCGG,6,0,0,,6,5,CTAGA,CTAGA,top inverted,1,6.0856494300789305e-06,0.0008620689655172467
107236,TCTGCTGCCTCCTGGCTTCTGAGGACTGCCCTGGGCCTGGGAGAATCCCTTCCCCCTCTTCCCTCGTGATCTGCAACTTCTGGGCAGGCTTAAAGGCTAACCTGGTGTGTGGGCGTTGTCCTGCAGGGGAATTGAACAGGTGTAAAATTGGAGGGACAAGACTT,ATCTGCAACT,CTTCTGGGCA,ATCTGCAACTTCTGGGCAGG,14,14,2,CT,30,0,, , ,2,1.2171298860157861e-05,0.0017241379310344934
107846,TCTGCTGCCTCCTGGCTTCTGAGGACCGCCCTGGGCCTGGGAGAATCCCTTCCCCCTCTTCCCTCGTGATCTGCAACTCCAGTCTTTCTAGACAAGATGAAGCCAACTAAAATCCCAGCAGAGATGGGAGAGGGGCACAGATGGGCGGGAGTCTTCTGGGCAGGCTTAAAGGCTAACCTGGTGTGTGGGCGTTGTCCTGCAGGGGAATTGAACAGGTGTAAAATTGGAGGGACAAGACTT,TCTTTCTAGA,AGATGGGCGG,TCTTTCTAGACAAGATGAAGCCAACTAAAATCCCAGCAGAGATGGGAGAGGGGCACAGATGGGCGG,0,0,0,,0,46,CAAGATGAAGCCAACTAAAATCCCAGCAGAGATGGGAGAGGGGCAC, ,not templated,1,6.0856494300789305e-06,0.0008620689655172467
110649,TCTGCTGCCTCCTGGCTTCTGAGGACCGCCCTGGGCCTGGGAGAATCCCTTCCCCCTCTTCCCTCGTGATCTGCAACTGAGTCTTCTGGGCAGGCTTAAAGGCTAACCTGGTGTGTGGGCGTTGTCCTGCAGGGGAATTGAACAGGTGTAAAATTGGAGGGACAAGACTT,ATCTGCAACT,GAGTCTTCTG,ATCTGCAACTGAGTCTTCTG,14,10,0,,24,0,, , ,1,6.0856494300789305e-06,0.0008620689655172467
111092,TCTGCTGCCTCCTGGCTTCTGAGGACCGCCCTGGGCCTGGGAGAATCCCTTCCCCCTCTTCCCTCGTGATCTGCAACTCCAGTCTTTCTATCTGGGCAGGCTTAAAGGCTAACCTGGTGTGTGGGCGTTGTCCTGCAGGGGAATTGAACAGGTGTAAAATTGGAGGGACAAGACTT,AGTCTTTCTA,TCTGGGCAGG,AGTCTTTCTATCTGGGCAGG,2,16,0,,18,0,, , ,1,6.0856494300789305e-06,0.0008620689655172467
111746,TCTGCTGCCTCCTGGCTTCTGAGGACCGCCCTGGGCCTGGGAGAATCCCTTCCCCCTCTTCCCTCGTGATCTGCAACTCCAGTCTTTCTAGAATTGGGCGGGAGTCTTCTGGGCAGGCTTAAAGGCTAACCTGGTGTGTGGGCGTTGTCCTGCAGGGGAATTGAACAGGTGTAAAATTGGAGGGACAAGACTT,TCTTTCTAGA,TGGGCGGGAG,TCTTTCTAGAATTGGGCGGGAG,0,3,0,,3,2,AT, , ,1,6.0856494300789305e-06,0.0008620689655172467
112356,TCTGCTGCCTCCTGGCTTCTGAGGACCGCCCTGGGCCTGGGAGAATCCCTTCCCCCTCTTCCCTCGTGATCTGCAACTCCAGTCTTTCTAGAGTTGGCATTGATTATTGACTAGTTATTAATAGAGATGGGCGGGAGTCTTCTGGGCAGGCTTAAAGGCTAACCTGGTGTGTGGGCGTTGTCCTGCAGGGGAATTGAACAGGTGTAAAATTGGAGGGACAAGACTT,TCTTTCTAGA,AGATGGGCGG,TCTTTCTAGAGTTGGCATTGATTATTGACTAGTTATTAATAGAGATGGGCGG,0,0,0,,0,32,GTTGGCATTGATTATTGACTAGTTATTAATAG, ,not templated,1,6.0856494300789305e-06,0.0008620689655172467
113143,TCTGCTGCCTCCTGGCTTCTGAGGACCGCCCTGGGCCTGGGAGAATCCCTTCCCCCTCTTCCCTCGTGATCTGCAACTCCAGTCTTTCTACAAGATGGGCGGGAGTCTTCTGGGCAGGCTTAAAGGCTAACCTGGTGTGTGGGCGTTGTCCTGCAGGGGAATTGAACAGGTGTAAAATTGGAGGGACAAGACTT,AGTCTTTCTA,AGATGGGCGG,AGTCTTTCTACAAGATGGGCGG,2,0,0,,2,2,CA, , ,2,1.2171298860157861e-05,0.0017241379310344934
114665,TCTGCTGCCTCCTGGCTTCTGAGGACCGCCCTGGGCCTGGGAGAATCCCTTCCCCCTCTTCCCTCGTGATCTGCAACTCCAGTCTTTCTAGGAAGATGGGCGGGAGTCTTCTGGGCAGGCTTAAAGGCTAACCTGGTGTGTGGGCGTTGTCCTGCAGGGGAATTGAACAGGTGTAAAATTGGAGGGACAAGACTT,GTCTTTCTAG,AGATGGGCGG,GTCTTTCTAGGAAGATGGGCGG,1,0,0,,1,2,GA, , ,1,6.0856494300789305e-06,0.0008620689655172467
115070,TCTGCTGCCTCCTGGCTTCTGAGGACCGCCCTGGGCCTGGGAGAATCCCTTCCCCCTCTTCCCTCGTGATCTGCAACTCCAGTCTTTGGAGGCAAAGATGGGCGGGAGTCTTCTGGGCAGGCTTAAAGGCTAACCTGGTGTGTGGGCGTTGTCCTGCAGGGGAATTGAACAGGTGTAAAATTGGAGGGACAAGACTT,TCCAGTCTTT,AGATGGGCGG,TCCAGTCTTTGGAGGCAAAGATGGGCGG,5,0,0,,5,8,GGAGGCAA, ,not templated,1,6.0856494300789305e-06,0.0008620689655172467
115614,TCTGCTGCCTCCTGGCTTCTGAGGACCGCCCTGGGCCTGGGAGAATCCCTTCCCCCTCTTCCCTCGTGATCTGCAACTCCAGTCTTTCTGCGGGAGTCTTCTGGGCAGGCTTAAAGGCTAACCTGGTGTGTGGGCGTTGTCCTGCAGGGGAATTGAACAGGTGTAAAATTGGAGGGACAAGACTT,CAGTCTTTCT,GCGGGAGTCT,CAGTCTTTCTGCGGGAGTCT,3,6,0,,9,0,, , ,1,6.0856494300789305e-06,0.0008620689655172467
115652,TCTGCTGCCTCCTGGCTTCTGAGGACCGCCCTGGGCCTGGGAGAATCCCTTCCCCCTCTTCCCTCGTGATCTGCAACTCCAGTCTTTCTAGAGTGGGCGGGAGTCTTCTGGGCAGGCTTAAAGGCTAACCTGGTGTGTGGGCGTTGTCCTGCAGGGGAATTGAACAGGTGTAAAATTGGAGGGACAAGACTT,TCTTTCTAGA,TGGGCGGGAG,TCTTTCTAGAGTGGGCGGGAG,0,3,0,,3,1,G, , ,1,6.0856494300789305e-06,0.0008620689655172467
119831,TCTGCTGCCTCCTGGCTTCTGAGGACCGCCCTGGGCCTGGGAGAATCCCTTCCCCCTCTTCCCTCGTGATCTGCAACTCCAGTCTTAGATGGGCGGGAGTCTTCTGGGCAGGCTTAAAGGCTAACCTGGTGTGTGGGCGTTGTCCTGCAGGGGAATTGAACAGGTGTAAAATTGGAGGGACAAGACTT,CTCCAGTCTT,AGATGGGCGG,CTCCAGTCTTAGATGGGCGG,6,0,0,,6,0,, , ,2,1.2171298860157861e-05,0.0017241379310344934
123539,TCTGCTGCCTCCTGGCTTCTGAGGACCGCCCTGGGCCTGGGAGAATCCCTTCCCCCTCTTCCCTTACTTCCTCGTGATCTGCGTGATCTGCGTGATCTGCGGGAGTCTTCTGGGCAGGCTTAAAGGCTAACCTGGTGTGTGGGCGTTGTCCTGCAGGGGAATTGAACAGGTGTAAAATTGGAGGGACAAGACTT,CGTGATCTGC,GCGGGAGTCT,CGTGATCTGCGTGATCTGCGTGATCTGCGGGAGTCT,18,6,0,,24,16,GTGATCTGCGTGATCT,AGATC,bottom direct,1,6.0856494300789305e-06,0.0008620689655172467
123637,TCTGCTGCCTCCTGGCTTCTGAGGACCGCCCTGGGCCTGGGAGAATCCCTTCCCCCTCTTCCCTCGTGATCTGCAACTCCAGTCTTTCTAGACGGGAGTCTTCTGGGCAGGCTTAAAGGCTAACCTGGTGTGTGGGCGTTGTCCTGCAGGGGAATTGAACAGGTGTAAAATTGGAGGGACAAGACTT,TCTTTCTAGA,CGGGAGTCTT,TCTTTCTAGACGGGAGTCTT,0,7,0,,7,0,, , ,1,6.0856494300789305e-06,0.0008620689655172467
123912,TCTGCTGCCTCCTGGCTTCTGAGGACCGCCCTGGGCCTGGGAGAATCCCTTCCCCCTCTTCCCTCGTGATCTGCAACTCCAGTCTTTCTGAAGATGGGCGGGAGTCTTCTGGGCAGGCTTAAAGGCTAACCTGGTGTGTGGGCGTTGTCCTGCAGGGGAATTGAACAGGTGTAAAATTGGAGGGACAAGACTT,CAGTCTTTCT,AGATGGGCGG,CAGTCTTTCTGAAGATGGGCGG,3,0,0,,3,2,GA, , ,1,6.0856494300789305e-06,0.0008620689655172467
123941,TCTGCTGCCTCCTGGCTTCTGAGGACCGCCCTGGGCCTGGGAGAATCCCTGAGTCTTCTGGGCAGGCTTAAAGGCTAACCTGGTGTGTGGGCGTTGTCCTGCAGGGGAATTGAACAGGTGTAAAATTGGAGGGACAAGACTT,GAGAATCCCT,GAGTCTTCTG,GAGAATCCCTGAGTCTTCTG,42,10,0,,52,0,, , ,1,6.0856494300789305e-06,0.0008620689655172467
125922,TCTGCTGCCTCCTGGCTTCTGAGGACCGCCCTGGGCCTGGGAGAATCCCTTCCCCCTCTTCCCTCGTGATCTGCAACTCCAGTCTTTCTAGAATAGATGGGCGGGAGTCTTCTGGGCAGGCTTAAAGGCTAACCTGGTGTGTGGGCGTTGTCCTGCAGGGGAATTGAACAGGTGTAAAATTGGAGGGACAAGACTT,TCTTTCTAGA,AGATGGGCGG,TCTTTCTAGAATAGATGGGCGG,0,0,0,,0,2,AT, , ,1,6.0856494300789305e-06,0.0008620689655172467
128798,TCTGCTGCCTCCTGGCTTCTGAGGACCGCCCTGGGCCTGGGAGAATCCCTTCCCCCTCTTCCCTCGTGATCTGCAACTCCAGTCTTTAAGATGGGCGGGAGTCTTCTGGGCAGGCTTAAAGGCTAACCTGGTGTGTGGGCGTTGTCCTGCAGGGGAATTGAACAGGTGTAAAATTGGAGGGACAAGACTT,TCCAGTCTTT,AGATGGGCGG,TCCAGTCTTTAAGATGGGCGG,5,0,0,,5,1,A, , ,1,6.0856494300789305e-06,0.0008620689655172467
131629,TCTGCTGCCTCCTGGCTTCTGAGGACCGCCCTGGGCCTGGGAGAATCCCTTCCCCCTCTTCCCTCGTGATCTGCAACTCCAGTCTTTCTAGAGGCGGGAGTCTTCTGGGCAGGCTTAAAGGCTAACCTGGTGTGTGGGCGTTGTCCTGCAGGGGAATTGAACAGGTGTAAAATTGGAGGGACAAGACTT,TCTTTCTAGA,GGCGGGAGTC,TCTTTCTAGAGGCGGGAGTC,0,5,0,,5,0,, , ,2,1.2171298860157861e-05,0.0017241379310344934
132196,TCTGCTGCCTCCTGGCTTCTGAGGACCGCCCTGGGCCTGGGAGAATCCCTTCCCCCTCTTCCCTCGTGATCTGCAACTCCAGTCTTTTTATGGGCGGGAGTCTTCTGGGCAGGCTTAAAGGCTAACCTGGTGTGTGGGCGTTGTCCTGCAGGGGAATTGAACAGGTGTAAAATTGGAGGGACAAGACTT,TCCAGTCTTT,ATGGGCGGGA,TCCAGTCTTTTTATGGGCGGGA,5,2,0,,7,2,TT, , ,1,6.0856494300789305e-06,0.0008620689655172467
133197,TCTGCTGCCTCCTGGCTTCTGAGGACCGCCCTGGGCCTGGGAGAATCCCTTCCCCCTCTTCCCTCGTGATCTGCAACTCCAGGCGGGAGTCTTCTGGGCAGGCTTAAAGGCTAACCTGGTGTGTGGGCGTTGTCCTGCAGGGGAATTGAACAGGTGTAAAATTGGAGGGACAAGACTT,GCAACTCCAG,GGCGGGAGTC,GCAACTCCAGGCGGGAGTCT,10,5,1,G,16,0,, , ,1,6.0856494300789305e-06,0.0008620689655172467
136168,TCTGCTGCCTCCTGGCTTCTGAGGACCGCCCTGGGCCTGGGAGAATCCCTTCCCCCTCTTCCCTCGTGATCTGCAACTCCAGTCTTTTCTAGAAGATGGGCGGGAGTCTTCTGGGCAGGCTTAAAGGCTAACCTGGTGTGTGGGCGTTGTCCTGCAGGGGAATTGAACAGGTGTAAAATTGGAGGGACAAGACTT,TCCAGTCTTT,AGATGGGCGG,TCCAGTCTTTTCTAGAAGATGGGCGG,5,0,0,,5,6,TCTAGA,TCTAG,top inverted,1,6.0856494300789305e-06,0.0008620689655172467
136656,TCTGCTGCCTCCTGGATTGGAGGGACAAGACTT,TGCCTCCTGG,ATTGGAGGGA,TGCCTCCTGGATTGGAGGGA,77,84,0,,161,0,, , ,1,6.0856494300789305e-06,0.0008620689655172467
138170,TCTGCTGCCTCCTGGCTTCTGAGGACCGCCCTGGGCCTGGGAGAATCCCTTCCCCCTCTTCCCTCGTGATCTGCAACTCCAGTCTTTCTAGATTGATGGGCGGGAGTCTTCTGGGCAGGCTTAAAGGCTAACCTGGTGTGTGGGCGTTGTCCTGCAGGGGAATTGAACAGGTGTAAAATTGGAGGGACAAGACTT,TCTTTCTAGA,GATGGGCGGG,TCTTTCTAGATTGATGGGCGGG,0,1,0,,1,2,TT, , ,1,6.0856494300789305e-06,0.0008620689655172467
140491,TCTGCTGCCTCCTGGCTTCTGAGGACCGCCCTGGGCCTGGGAGAATCCCTTCCCCCTCTTCCCTCGTGATCTGCAACTCTTCTGGGCAGGCTTAAAGGCTAACCTGGTGTGTGGGCGTTGTCCTGCAGGGGAATTGAACAGGTGTAAAATTGGAGGGACAAGACTT,TCTGCAACTC,TCTTCTGGGC,TCTGCAACTCTTCTGGGCAG,13,13,2,TC,28,0,, , ,1,6.0856494300789305e-06,0.0008620689655172467
141555,TCTGCTGCCTCCTGGCTTCTGAGGACCGCCCTGGGCCTGGGAGAATCCCTTCCCCCTCTTCCCTCGTGATCTGCAACTCCAGTAGATGGGCGGGAGTCTTCTGGGCAGGCTTAAAGGCTAACCTGGTGTGTGGGCGTTGTCCTGCAGGGGAATTGAACAGGTGTAAAATTGGAGGGACAAGACTT,CAACTCCAGT,AGATGGGCGG,CAACTCCAGTAGATGGGCGG,9,0,0,,9,0,, , ,1,6.0856494300789305e-06,0.0008620689655172467
147555,TCTGCTGCCTCCTGGCTTCTGAGGACCGCCCTGGGCCTGGGAGAATCCCTTCCCCCTCTTCCCTCGTGATCTGCAACTCCAGTCTTTCTAGACTGGCTAGATGGGCGGGAGTCTTCTGGGCAGGCTTAAAGGCTAACCTGGTGTGTGGGCGTTGTCCTGCAGGGGAATTGAACAGGTGTAAAATTGGAGGGTCAAGACTT,TCTTTCTAGA,AGATGGGCGG,TCTTTCTAGACTGGCTAGATGGGCGG,0,0,0,,0,6,CTGGCT, ,not templated,1,6.0856494300789305e-06,0.0008620689655172467
147897,TCTGCTGCCTCCTGGCTTCTGAGGACCGCCCTGGGCCTGGGAGAATCCCTTCCCCCTCTTCCCTCGTGATCTGCAACTCCAGTCTTTCTAGAGGAGTCTTCTGGGCAGGCTTAAAGGCTAACCTGGTGTGTGGGCGTTGTCCTGCAGGGGAATTGAACAGGTGTAAAATTGGAGGGTCAAGACTT,TCTTTCTAGA,GGAGTCTTCT,TCTTTCTAGAGGAGTCTTCT,0,9,0,,9,0,, , ,2,1.2171298860157861e-05,0.0017241379310344934
150016,TCTGCTGCCTCCTGGCTTCTGAGGACCGCCCTGGGCCTGGGAGAATCCCTTCCCCCTCTTCCCTCGTGATCTGCAACTCCAGTCTTTCTAGACTTCTGGGCAGGCTTAAAGGCTAACCTGGTGTGTGGGCGTTGTCCTGCAGGGGAATTGAACAGGTGTAAAATTGGAGGGTCAAGACTT,TCTTTCTAGA,CTTCTGGGCA,TCTTTCTAGACTTCTGGGCA,0,14,0,,14,0,, , ,1,6.0856494300789305e-06,0.0008620689655172467
150658,TCTGCTGCCTCCTGGCTTCTGAGGACCGCCCTGGGCCTGGGAGAATCCCTTCCCCCTCTTCCCTCGTGATCTGCAACTCCAGTCTTTCTAGGCAGGCTTAAAGGCTAACCTGGTGTGTGGGCGTTGTCCTGCAGGGGAATTGAACAGGTGTAAAATTGGAGGGTCAAGACTT,GTCTTTCTAG,GGCAGGCTTA,GTCTTTCTAGGCAGGCTTAA,1,20,1,G,22,0,, , ,1,6.0856494300789305e-06,0.0008620689655172467
152306,TCTGCTGCCTCCTGGCTTCTGAGGACCGCCCTGGGCCTGGGAGAATCCCTTCCCCCTCTTCCCTCGTGATCTGGTCTTGAAGGCGTGATGGGCGGGAGTCTTCTGGGCAGGCTTAAAGGCTAACCTGGTGTGTGGGCGTTGTCCTGCAGGGGAATTGAACAGGTGTAAAATTGGAGGGTCAAGACTT,TCGTGATCTG,GATGGGCGGG,TCGTGATCTGGTCTTGAAGGCGTGATGGGCGGG,19,1,0,,20,13,GTCTTGAAGGCGT,GTCTT,top direct,1,6.0856494300789305e-06,0.0008620689655172467
154865,TCTGCTGCCTCCTGCTACACGACGCTCTTCCGATCTACAGTGGAGTGCAATTGGAGGGACAAGACTT,CTGCCTCCTG,AATTGGAGGG,CTGCCTCCTGCTACACGACGCTCTTCCGATCTACAGTGGAGTGCAATTGGAGGG,78,83,0,,161,34,CTACACGACGCTCTTCCGATCTACAGTGGAGTGC, ,not templated,1,6.0856494300789305e-06,0.0008620689655172467
156879,TCTGCTGCCTCCTGGCTTCTGAGGACCGCCCTGGGCCACAGGTGTAAAATTGGAGGGACAAGACTT,GCCCTGGGCC,ACAGGTGTAA,GCCCTGGGCCACAGGTGTAA,55,73,0,,128,0,, , ,1,6.0856494300789305e-06,0.0008620689655172467
156905,TCTGCTGCCTCCTGGCTTCTGAGGACCGCCCTGGGCCTGGGAGAATCCCTTCCCCCTCTTCCCTCGTGATCTGCAACTCCAGTCTTTCTAGCTTGCATCCTGCTGCCCAGCCTCACTCACATAGACCACACATGAGATGGGCGGGAGTCTTCTGGGCAGGCTTAAAGGCTAACCTGGTGTGTGGGCGTTGTCCTGCAGGGGAATTGAACAGGTGTAAAATTGGAGGGACAAGACTT,GTCTTTCTAG,AGATGGGCGG,GTCTTTCTAGCTTGCATCCTGCTGCCCAGCCTCACTCACATAGACCACACATGAGATGGGCGG,1,0,0,,1,43,CTTGCATCCTGCTGCCCAGCCTCACTCACATAGACCACACATG, ,not templated,1,6.0856494300789305e-06,0.0008620689655172467
159147,TCTGCTGCCTCCTGGCTTCTGAGGACCGCCCTGGGCCTGGGAGAATCCCTTCCCCCTCTTCCCTCGTGATCTGCAAGATGGGCGGGAGTCTTCTGGGCAGGCTTAAAGGCTAACCTGGTGTGTGGGCGTTGTCCTGCAGGGGAATTGAACAGGTGTAAAATTGGAGGGACAAGACTT,TGATCTGCAA,AGATGGGCGG,TGATCTGCAAGATGGGCGGG,16,0,1,A,17,0,, , ,1,6.0856494300789305e-06,0.0008620689655172467
161132,TCTGCTGCCTCCTGGCTTCTGAGGACCGCCCTGGGCCTGGGAGAATCCCTTCCCCCTCTTCCCTCGTGATCTGCAACTCCAGAAGATGGGCGGGAGTCTTCTGGGCAGGCTTAAAGGCTAACCTGGTGTGTGGGCGTTGTCCTGCAGGGGAATTGAACAGGTGTAAAATTGGAGGGACAAGACTT,GCAACTCCAG,AGATGGGCGG,GCAACTCCAGAAGATGGGCGG,10,0,0,,10,1,A, , ,1,6.0856494300789305e-06,0.0008620689655172467
163708,TCTGCTGCCTCCTGGCTTCTGAGGACCGCCCTGGGCCTGGGAGAATCCCTTCCCCCTCTTCCCTCGTGATCTGCAACTCCAGTCTTTCTAGAGTTTCTAGGCGGGAGTCTTCTGGGCAGGCTTAAAGGCTAACCTGGTGTGTGGGCGTTGTCCTGCAGGGGAATTGAACAGGTGTAAAATTGGAGGGACAAGACTT,TCTTTCTAGA,GGCGGGAGTC,TCTTTCTAGAGTTTCTAGGCGGGAGTC,0,5,0,,5,7,GTTTCTA,TAGAA,bottom direct,1,6.0856494300789305e-06,0.0008620689655172467
