,ldel,rdel,MH.size,resolve.MH.seq,tdel,junction,left flank,right flank,template.flank,seed.MH.seq,seed.MH.location,hairpin.distance,seed.MH.size,TINS.seq,TINS.len,TINS.class,left.repetitive,right.repetitive,junction.family,x.position,y.position
0,0,1,2,AG,3,ACCCGAGGGGCACTTAGGGAGCAGGGGGGCAGTGAACACCTCTGCATGAGGGGCATAAAAACGGAAGGTGACAACATCCAGCTTTGCCTATTTCAAC,ACCCGAGGGGCACTTAGGGAGCAGGGGGGCAGTGAACACCTCTGCATGAG,GGGCATAAAAACGGAAGGTGACAACATCCAGCTTTGCCTATTTCAAC,,MH.del,,,,,0,MH.del,0.MH.del.AG,1.MH.del.AG,.MH.del.,26,0
1,3,5,4,GCAT,12,ACCCGAGGGGCACTTAGGGAGCAGGGGGGCAGTGAACACCTCTGCATAAAAACGGAAGGTGACAACATCCAGCTTTGCCTATTTCAAC,ACCCGAGGGGCACTTAGGGAGCAGGGGGGCAGTGAACACCTCTGCAT,AAAAACGGAAGGTGACAACATCCAGCTTTGCCTATTTCAAC,,MH.del,,,,,0,MH.del,3.MH.del.GCAT,5.MH.del.GCAT,.MH.del.,26,0
2,4,0,2,CA,6,ACCCGAGGGGCACTTAGGGAGCAGGGGGGCAGTGAACACCTCTGCAGGGGCATAAAAACGGAAGGTGACAACATCCAGCTTTGCCTATTTCAAC,ACCCGAGGGGCACTTAGGGAGCAGGGGGGCAGTGAACACCTCTGCA,GGGGCATAAAAACGGAAGGTGACAACATCCAGCTTTGCCTATTTCAAC,,MH.del,,,,,0,MH.del,4.MH.del.CA,0.MH.del.CA,.MH.del.,26,0
3,11,13,2,AC,26,ACCCGAGGGGCACTTAGGGAGCAGGGGGGCAGTGAACACGGAAGGTGACAACATCCAGCTTTGCCTATTTCAAC,ACCCGAGGGGCACTTAGGGAGCAGGGGGGCAGTGAACAC,GGAAGGTGACAACATCCAGCTTTGCCTATTTCAAC,,MH.del,,,,,0,MH.del,11.MH.del.AC,13.MH.del.AC,.MH.del.,26,0
4,13,12,3,AAC,28,ACCCGAGGGGCACTTAGGGAGCAGGGGGGCAGTGAACGGAAGGTGACAACATCCAGCTTTGCCTATTTCAAC,ACCCGAGGGGCACTTAGGGAGCAGGGGGGCAGTGAAC,GGAAGGTGACAACATCCAGCTTTGCCTATTTCAAC,,MH.del,,,,,0,MH.del,13.MH.del.AAC,12.MH.del.AAC,.MH.del.,26,0
5,14,9,2,AA,25,ACCCGAGGGGCACTTAGGGAGCAGGGGGGCAGTGAAAAACGGAAGGTGACAACATCCAGCTTTGCCTATTTCAAC,ACCCGAGGGGCACTTAGGGAGCAGGGGGGCAGTGAA,AAACGGAAGGTGACAACATCCAGCTTTGCCTATTTCAAC,,MH.del,,,,,0,MH.del,14.MH.del.AA,9.MH.del.AA,.MH.del.,26,0
6,5,8,3,TAA,13,ACCCGAGGGGCACTTAGGGAGCAGGGGGGCAGCCCCCTGCTCCCAAACGGAAGGTGACAACATCCAGCTTTGCCTATTTCAAC,ACCCGAGGGGCACTTAGGGAGCAGGGGGGCAG,AAACGGAAGGTGACAACATCCAGCTTTGCCTATTTCAAC,left,CTGC,5,9,4,CCCCCTGCTCCC,12,inv,5.CTGC.CCCCCTGCTCCC,8.CTGC.CCCCCTGCTCCC,left.CTGC.5,26,2
7,5,5,2,GC,10,ACCCGAGGGGCACTTAGGGAGCAGGGGGGCAGCCCCCTATAAAAACGGAAGGTGACAACATCCAGCTTTGCCTATTTCAAC,ACCCGAGGGGCACTTAGGGAGCAGGGGGGCAG,ATAAAAACGGAAGGTGACAACATCCAGCTTTGCCTATTTCAAC,left,CTGC,5,9,4,CCCCCT,6,inv,5.CTGC.CCCCCT,5.CTGC.CCCCCT,left.CTGC.5,26,2
8,18,5,2,GC,23,ACCCGAGGGGCACTTAGGGAGCAGGGGGGCAGAGGTGTTCACTATAAAAACGGAAGGTGACAACATCCAGCTTTGCCTATTTCAAC,ACCCGAGGGGCACTTAGGGAGCAGGGGGGCAG,ATAAAAACGGAAGGTGACAACATCCAGCTTTGCCTATTTCAAC,left,CTGC,5,9,4,AGGTGTTCACT,11,ss,18.CTGC.AGGTGTTCACT,5.CTGC.AGGTGTTCACT,left.CTGC.5,26,2
9,18,13,2,AC,31,ACCCGAGGGGCACTTAGGGAGCAGGGGGGCAGAGGTGTTCGGAAGGTGACAACATCCAGCTTTGCCTATTTCAAC,ACCCGAGGGGCACTTAGGGAGCAGGGGGGCAG,GGAAGGTGACAACATCCAGCTTTGCCTATTTCAAC,left,CTGC,5,9,4,AGGTGTTC,8,ss,18.CTGC.AGGTGTTC,13.CTGC.AGGTGTTC,left.CTGC.5,26,2
10,18,0,2,CA,18,ACCCGAGGGGCACTTAGGGAGCAGGGGGGCAGAGGTGTTGGGGCATAAAAACGGAAGGTGACAACATCCAGCTTTGCCTATTTCAAC,ACCCGAGGGGCACTTAGGGAGCAGGGGGGCAG,GGGGCATAAAAACGGAAGGTGACAACATCCAGCTTTGCCTATTTCAAC,left,CTGC,5,9,4,AGGTGTT,7,ss,18.CTGC.AGGTGTT,0.CTGC.AGGTGTT,left.CTGC.5,26,2
11,18,1,3,AGG,19,ACCCGAGGGGCACTTAGGGAGCAGGGGGGCAGGGCATAAAAACGGAAGGTGACAACATCCAGCTTTGCCTATTTCAAC,ACCCGAGGGGCACTTAGGGAGCAGGGGGGCAG,GGCATAAAAACGGAAGGTGACAACATCCAGCTTTGCCTATTTCAAC,left,CTGC,5,9,4,,0,ss,18.CTGC.,1.CTGC.,left.CTGC.5,26,2
12,0,5,2,GC,5,ACCCGAGGGGCACTTAGGGAGCAGGGGGGCAGTGAACACCTCGTGTTCACTATAAAAACGGAAGGTGACAACATCCAGCTTTGCCTATTTCAAC,ACCCGAGGGGCACTTAGGGAGCAGGGGGGCAGTGAACACCTC,ATAAAAACGGAAGGTGACAACATCCAGCTTTGCCTATTTCAAC,left,GAG,0,5,3,GTGTTCACT,9,inv,0.GAG.GTGTTCACT,5.GAG.GTGTTCACT,left.GAG.0,26,4
13,0,13,2,AC,13,ACCCGAGGGGCACTTAGGGAGCAGGGGGGCAGTGAACACCTCGTGTTCGGAAGGTGACAACATCCAGCTTTGCCTATTTCAAC,ACCCGAGGGGCACTTAGGGAGCAGGGGGGCAGTGAACACCTC,GGAAGGTGACAACATCCAGCTTTGCCTATTTCAAC,left,GAG,0,5,3,GTGTTC,6,inv,0.GAG.GTGTTC,13.GAG.GTGTTC,left.GAG.0,26,4
14,0,0,2,CA,0,ACCCGAGGGGCACTTAGGGAGCAGGGGGGCAGTGAACACCTCGTGTTGGGGCATAAAAACGGAAGGTGACAACATCCAGCTTTGCCTATTTCAAC,ACCCGAGGGGCACTTAGGGAGCAGGGGGGCAGTGAACACCTC,GGGGCATAAAAACGGAAGGTGACAACATCCAGCTTTGCCTATTTCAAC,left,GAG,0,5,3,GTGTT,5,inv,0.GAG.GTGTT,0.GAG.GTGTT,left.GAG.0,26,4
15,8,0,2,CA,8,ACCCGAGGGGCACTTAGGGAGCAGGGGGGCAGTGAACACCTCATGGGGGCATAAAAACGGAAGGTGACAACATCCAGCTTTGCCTATTTCAAC,ACCCGAGGGGCACTTAGGGAGCAGGGGGGCAGTGAACACCTC,GGGGCATAAAAACGGAAGGTGACAACATCCAGCTTTGCCTATTTCAAC,left,GAG,0,5,3,ATG,3,ss,8.GAG.ATG,0.GAG.ATG,left.GAG.0,26,4
16,8,1,3,AGG,9,ACCCGAGGGGCACTTAGGGAGCAGGGGGGCAGTGAACACCTCATGCAGGGCATAAAAACGGAAGGTGACAACATCCAGCTTTGCCTATTTCAAC,ACCCGAGGGGCACTTAGGGAGCAGGGGGGCAGTGAACACCTC,GGCATAAAAACGGAAGGTGACAACATCCAGCTTTGCCTATTTCAAC,left,GAG,0,5,3,ATGCAG,6,ss,8.GAG.ATGCAG,1.GAG.ATGCAG,left.GAG.0,26,4
17,8,1,2,AG,9,ACCCGAGGGGCACTTAGGGAGCAGGGGGGCAGTGAACACCTCATGCGGGCATAAAAACGGAAGGTGACAACATCCAGCTTTGCCTATTTCAAC,ACCCGAGGGGCACTTAGGGAGCAGGGGGGCAGTGAACACCTC,GGGCATAAAAACGGAAGGTGACAACATCCAGCTTTGCCTATTTCAAC,left,GAG,0,5,3,ATGC,4,ss,8.GAG.ATGC,1.GAG.ATGC,left.GAG.0,26,4
18,8,5,2,GC,13,ACCCGAGGGGCACTTAGGGAGCAGGGGGGCAGTGAACACCTCATATAAAAACGGAAGGTGACAACATCCAGCTTTGCCTATTTCAAC,ACCCGAGGGGCACTTAGGGAGCAGGGGGGCAGTGAACACCTC,ATAAAAACGGAAGGTGACAACATCCAGCTTTGCCTATTTCAAC,left,GAG,0,5,3,AT,2,ss,8.GAG.AT,5.GAG.AT,left.GAG.0,26,4
19,5,8,3,TAA,13,ACCCGAGGGGCACTTAGGGAGCAGGGGGGCACCCCCTGCTCCCAAACGGAAGGTGACAACATCCAGCTTTGCCTATTTCAAC,ACCCGAGGGGCACTTAGGGAGCAGGGGGGCA,AAACGGAAGGTGACAACATCCAGCTTTGCCTATTTCAAC,left,TGC,5,11,3,CCCCCTGCTCCC,12,inv,5.TGC.CCCCCTGCTCCC,8.TGC.CCCCCTGCTCCC,left.TGC.5,26,6
20,5,5,2,GC,10,ACCCGAGGGGCACTTAGGGAGCAGGGGGGCACCCCCTATAAAAACGGAAGGTGACAACATCCAGCTTTGCCTATTTCAAC,ACCCGAGGGGCACTTAGGGAGCAGGGGGGCA,ATAAAAACGGAAGGTGACAACATCCAGCTTTGCCTATTTCAAC,left,TGC,5,11,3,CCCCCT,6,inv,5.TGC.CCCCCT,5.TGC.CCCCCT,left.TGC.5,26,6
21,6,8,2,TA,14,ACCCGAGGGGCACTTAGGGAGCAGGGGGGCAGCCCCCCTGCTCCCAAAACGGAAGGTGACAACATCCAGCTTTGCCTATTTCAAC,ACCCGAGGGGCACTTAGGGAGCAGGGGGGCAG,AAAACGGAAGGTGACAACATCCAGCTTTGCCTATTTCAAC,left,CTG,6,9,3,CCCCCCTGCTCCC,13,inv,6.CTG.CCCCCCTGCTCCC,8.CTG.CCCCCCTGCTCCC,left.CTG.6,26,8
22,6,5,2,GC,11,ACCCGAGGGGCACTTAGGGAGCAGGGGGGCAGCCCCCCTATAAAAACGGAAGGTGACAACATCCAGCTTTGCCTATTTCAAC,ACCCGAGGGGCACTTAGGGAGCAGGGGGGCAG,ATAAAAACGGAAGGTGACAACATCCAGCTTTGCCTATTTCAAC,left,CTG,6,9,3,CCCCCCT,7,inv,6.CTG.CCCCCCT,5.CTG.CCCCCCT,left.CTG.6,26,8
23,0,5,2,GC,5,ACCCGAGGGGCACTTAGGGAGCAGGGGGGCAGTGAACACCTCTAGGTGTTCACTATAAAAACGGAAGGTGACAACATCCAGCTTTGCCTATTTCAAC,ACCCGAGGGGCACTTAGGGAGCAGGGGGGCAGTGAACACCTCT,ATAAAAACGGAAGGTGACAACATCCAGCTTTGCCTATTTCAAC,left,AG,0,5,2,AGGTGTTCACT,11,inv,0.AG.AGGTGTTCACT,5.AG.AGGTGTTCACT,left.AG.0,26,10
24,0,13,2,AC,13,ACCCGAGGGGCACTTAGGGAGCAGGGGGGCAGTGAACACCTCTAGGTGTTCGGAAGGTGACAACATCCAGCTTTGCCTATTTCAAC,ACCCGAGGGGCACTTAGGGAGCAGGGGGGCAGTGAACACCTCT,GGAAGGTGACAACATCCAGCTTTGCCTATTTCAAC,left,AG,0,5,2,AGGTGTTC,8,inv,0.AG.AGGTGTTC,13.AG.AGGTGTTC,left.AG.0,26,10
25,0,0,2,CA,0,ACCCGAGGGGCACTTAGGGAGCAGGGGGGCAGTGAACACCTCTAGGTGTTGGGGCATAAAAACGGAAGGTGACAACATCCAGCTTTGCCTATTTCAAC,ACCCGAGGGGCACTTAGGGAGCAGGGGGGCAGTGAACACCTCT,GGGGCATAAAAACGGAAGGTGACAACATCCAGCTTTGCCTATTTCAAC,left,AG,0,5,2,AGGTGTT,7,inv,0.AG.AGGTGTT,0.AG.AGGTGTT,left.AG.0,26,10
26,0,1,3,AGG,1,ACCCGAGGGGCACTTAGGGAGCAGGGGGGCAGTGAACACCTCTGGCATAAAAACGGAAGGTGACAACATCCAGCTTTGCCTATTTCAAC,ACCCGAGGGGCACTTAGGGAGCAGGGGGGCAGTGAACACCTCT,GGCATAAAAACGGAAGGTGACAACATCCAGCTTTGCCTATTTCAAC,left,AG,0,5,2,,0,inv,0.AG.,1.AG.,left.AG.0,26,10
27,7,1,3,AGG,8,ACCCGAGGGGCACTTAGGGAGCAGGGGGGCAGTGAACACCTCTCATGCAGGGCATAAAAACGGAAGGTGACAACATCCAGCTTTGCCTATTTCAAC,ACCCGAGGGGCACTTAGGGAGCAGGGGGGCAGTGAACACCTCT,GGCATAAAAACGGAAGGTGACAACATCCAGCTTTGCCTATTTCAAC,left,AG,0,5,2,CATGCAG,7,ss,7.AG.CATGCAG,1.AG.CATGCAG,left.AG.0,26,10
28,7,1,2,AG,8,ACCCGAGGGGCACTTAGGGAGCAGGGGGGCAGTGAACACCTCTCATGCGGGCATAAAAACGGAAGGTGACAACATCCAGCTTTGCCTATTTCAAC,ACCCGAGGGGCACTTAGGGAGCAGGGGGGCAGTGAACACCTCT,GGGCATAAAAACGGAAGGTGACAACATCCAGCTTTGCCTATTTCAAC,left,AG,0,5,2,CATGC,5,ss,7.AG.CATGC,1.AG.CATGC,left.AG.0,26,10
29,7,0,3,CAG,7,ACCCGAGGGGCACTTAGGGAGCAGGGGGGCAGTGAACACCTCTCATGGGGCATAAAAACGGAAGGTGACAACATCCAGCTTTGCCTATTTCAAC,ACCCGAGGGGCACTTAGGGAGCAGGGGGGCAGTGAACACCTCT,GGGCATAAAAACGGAAGGTGACAACATCCAGCTTTGCCTATTTCAAC,left,AG,0,5,2,CATG,4,ss,7.AG.CATG,0.AG.CATG,left.AG.0,26,10
30,7,0,2,CA,7,ACCCGAGGGGCACTTAGGGAGCAGGGGGGCAGTGAACACCTCTGGGGCATAAAAACGGAAGGTGACAACATCCAGCTTTGCCTATTTCAAC,ACCCGAGGGGCACTTAGGGAGCAGGGGGGCAGTGAACACCTCT,GGGGCATAAAAACGGAAGGTGACAACATCCAGCTTTGCCTATTTCAAC,left,AG,0,5,2,,0,ss,7.AG.,0.AG.,left.AG.0,26,10
31,7,5,2,GC,12,ACCCGAGGGGCACTTAGGGAGCAGGGGGGCAGTGAACACCTCTCATATAAAAACGGAAGGTGACAACATCCAGCTTTGCCTATTTCAAC,ACCCGAGGGGCACTTAGGGAGCAGGGGGGCAGTGAACACCTCT,ATAAAAACGGAAGGTGACAACATCCAGCTTTGCCTATTTCAAC,left,AG,0,5,2,CAT,3,ss,7.AG.CAT,5.AG.CAT,left.AG.0,26,10
32,1,5,2,GC,6,ACCCGAGGGGCACTTAGGGAGCAGGGGGGCAGTGAACACCTCGGTGTTCACTATAAAAACGGAAGGTGACAACATCCAGCTTTGCCTATTTCAAC,ACCCGAGGGGCACTTAGGGAGCAGGGGGGCAGTGAACACCTC,ATAAAAACGGAAGGTGACAACATCCAGCTTTGCCTATTTCAAC,left,GA,1,5,2,GGTGTTCACT,10,inv,1.GA.GGTGTTCACT,5.GA.GGTGTTCACT,left.GA.1,26,12
33,1,13,2,AC,14,ACCCGAGGGGCACTTAGGGAGCAGGGGGGCAGTGAACACCTCGGTGTTCGGAAGGTGACAACATCCAGCTTTGCCTATTTCAAC,ACCCGAGGGGCACTTAGGGAGCAGGGGGGCAGTGAACACCTC,GGAAGGTGACAACATCCAGCTTTGCCTATTTCAAC,left,GA,1,5,2,GGTGTTC,7,inv,1.GA.GGTGTTC,13.GA.GGTGTTC,left.GA.1,26,12
34,1,0,2,CA,1,ACCCGAGGGGCACTTAGGGAGCAGGGGGGCAGTGAACACCTCGGTGTTGGGGCATAAAAACGGAAGGTGACAACATCCAGCTTTGCCTATTTCAAC,ACCCGAGGGGCACTTAGGGAGCAGGGGGGCAGTGAACACCTC,GGGGCATAAAAACGGAAGGTGACAACATCCAGCTTTGCCTATTTCAAC,left,GA,1,5,2,GGTGTT,6,inv,1.GA.GGTGTT,0.GA.GGTGTT,left.GA.1,26,12
35,1,3,2,GG,4,ACCCGAGGGGCACTTAGGGAGCAGGGGGGCAGTGAACACCTCGCATAAAAACGGAAGGTGACAACATCCAGCTTTGCCTATTTCAAC,ACCCGAGGGGCACTTAGGGAGCAGGGGGGCAGTGAACACCTC,GCATAAAAACGGAAGGTGACAACATCCAGCTTTGCCTATTTCAAC,left,GA,1,5,2,,0,inv,1.GA.,3.GA.,left.GA.1,26,12
36,2,5,2,GC,7,ACCCGAGGGGCACTTAGGGAGCAGGGGGGCAGTGAACATTCACTATAAAAACGGAAGGTGACAACATCCAGCTTTGCCTATTTCAAC,ACCCGAGGGGCACTTAGGGAGCAGGGGGGCAGTGAACA,ATAAAAACGGAAGGTGACAACATCCAGCTTTGCCTATTTCAAC,left,TG,2,8,2,TTCACT,6,inv,2.TG.TTCACT,5.TG.TTCACT,left.TG.2,26,14
37,2,13,2,AC,15,ACCCGAGGGGCACTTAGGGAGCAGGGGGGCAGTGAACATTCGGAAGGTGACAACATCCAGCTTTGCCTATTTCAAC,ACCCGAGGGGCACTTAGGGAGCAGGGGGGCAGTGAACA,GGAAGGTGACAACATCCAGCTTTGCCTATTTCAAC,left,TG,2,8,2,TTC,3,inv,2.TG.TTC,13.TG.TTC,left.TG.2,26,14
38,2,0,2,CA,2,ACCCGAGGGGCACTTAGGGAGCAGGGGGGCAGTGAACATTGGGGCATAAAAACGGAAGGTGACAACATCCAGCTTTGCCTATTTCAAC,ACCCGAGGGGCACTTAGGGAGCAGGGGGGCAGTGAACA,GGGGCATAAAAACGGAAGGTGACAACATCCAGCTTTGCCTATTTCAAC,left,TG,2,8,2,TT,2,inv,2.TG.TT,0.TG.TT,left.TG.2,26,14
39,12,13,2,AC,25,ACCCGAGGGGCACTTAGGGAGCAGGGGGGCAGTGAACATGCAGAGGTGTTCGGAAGGTGACAACATCCAGCTTTGCCTATTTCAAC,ACCCGAGGGGCACTTAGGGAGCAGGGGGGCAGTGAACA,GGAAGGTGACAACATCCAGCTTTGCCTATTTCAAC,left,TG,2,8,2,TGCAGAGGTGTTC,13,ss,12.TG.TGCAGAGGTGTTC,13.TG.TGCAGAGGTGTTC,left.TG.2,26,14
40,12,0,2,CA,12,ACCCGAGGGGCACTTAGGGAGCAGGGGGGCAGTGAACATGGGGGCATAAAAACGGAAGGTGACAACATCCAGCTTTGCCTATTTCAAC,ACCCGAGGGGCACTTAGGGAGCAGGGGGGCAGTGAACA,GGGGCATAAAAACGGAAGGTGACAACATCCAGCTTTGCCTATTTCAAC,left,TG,2,8,2,TG,2,ss,12.TG.TG,0.TG.TG,left.TG.2,26,14
41,12,1,3,AGG,13,ACCCGAGGGGCACTTAGGGAGCAGGGGGGCAGTGAACATGCAGGGCATAAAAACGGAAGGTGACAACATCCAGCTTTGCCTATTTCAAC,ACCCGAGGGGCACTTAGGGAGCAGGGGGGCAGTGAACA,GGCATAAAAACGGAAGGTGACAACATCCAGCTTTGCCTATTTCAAC,left,TG,2,8,2,TGCAG,5,ss,12.TG.TGCAG,1.TG.TGCAG,left.TG.2,26,14
42,12,1,2,AG,13,ACCCGAGGGGCACTTAGGGAGCAGGGGGGCAGTGAACATGCGGGCATAAAAACGGAAGGTGACAACATCCAGCTTTGCCTATTTCAAC,ACCCGAGGGGCACTTAGGGAGCAGGGGGGCAGTGAACA,GGGCATAAAAACGGAAGGTGACAACATCCAGCTTTGCCTATTTCAAC,left,TG,2,8,2,TGC,3,ss,12.TG.TGC,1.TG.TGC,left.TG.2,26,14
43,12,5,2,GC,17,ACCCGAGGGGCACTTAGGGAGCAGGGGGGCAGTGAACATATAAAAACGGAAGGTGACAACATCCAGCTTTGCCTATTTCAAC,ACCCGAGGGGCACTTAGGGAGCAGGGGGGCAGTGAACA,ATAAAAACGGAAGGTGACAACATCCAGCTTTGCCTATTTCAAC,left,TG,2,8,2,T,1,ss,12.TG.T,5.TG.T,left.TG.2,26,14
44,4,5,2,GC,9,ACCCGAGGGGCACTTAGGGAGCAGGGGGGCAGTGCTATAAAAACGGAAGGTGACAACATCCAGCTTTGCCTATTTCAAC,ACCCGAGGGGCACTTAGGGAGCAGGGGGGCAGTG,ATAAAAACGGAAGGTGACAACATCCAGCTTTGCCTATTTCAAC,left,CA,4,10,2,CT,2,inv,4.CA.CT,5.CA.CT,left.CA.4,26,16
45,16,13,2,AC,29,ACCCGAGGGGCACTTAGGGAGCAGGGGGGCAGTGCAGAGGTGTTCGGAAGGTGACAACATCCAGCTTTGCCTATTTCAAC,ACCCGAGGGGCACTTAGGGAGCAGGGGGGCAGTG,GGAAGGTGACAACATCCAGCTTTGCCTATTTCAAC,left,CA,4,10,2,CAGAGGTGTTC,11,ss,16.CA.CAGAGGTGTTC,13.CA.CAGAGGTGTTC,left.CA.4,26,16
46,16,0,2,CA,16,ACCCGAGGGGCACTTAGGGAGCAGGGGGGCAGTGGGGGCATAAAAACGGAAGGTGACAACATCCAGCTTTGCCTATTTCAAC,ACCCGAGGGGCACTTAGGGAGCAGGGGGGCAGTG,GGGGCATAAAAACGGAAGGTGACAACATCCAGCTTTGCCTATTTCAAC,left,CA,4,10,2,,0,ss,16.CA.,0.CA.,left.CA.4,26,16
47,16,1,3,AGG,17,ACCCGAGGGGCACTTAGGGAGCAGGGGGGCAGTGCAGGGCATAAAAACGGAAGGTGACAACATCCAGCTTTGCCTATTTCAAC,ACCCGAGGGGCACTTAGGGAGCAGGGGGGCAGTG,GGCATAAAAACGGAAGGTGACAACATCCAGCTTTGCCTATTTCAAC,left,CA,4,10,2,CAG,3,ss,16.CA.CAG,1.CA.CAG,left.CA.4,26,16
48,16,1,2,AG,17,ACCCGAGGGGCACTTAGGGAGCAGGGGGGCAGTGCGGGCATAAAAACGGAAGGTGACAACATCCAGCTTTGCCTATTTCAAC,ACCCGAGGGGCACTTAGGGAGCAGGGGGGCAGTG,GGGCATAAAAACGGAAGGTGACAACATCCAGCTTTGCCTATTTCAAC,left,CA,4,10,2,C,1,ss,16.CA.C,1.CA.C,left.CA.4,26,16
49,12,5,2,GC,17,ACCCGAGGGGCACTTAGGGAGCAGGGGGGCAGTGAACAGAGGTGTTCACTATAAAAACGGAAGGTGACAACATCCAGCTTTGCCTATTTCAAC,ACCCGAGGGGCACTTAGGGAGCAGGGGGGCAGTGAACA,ATAAAAACGGAAGGTGACAACATCCAGCTTTGCCTATTTCAAC,left,TG,6,4,2,GAGGTGTTCACT,12,ss,12.TG.GAGGTGTTCACT,5.TG.GAGGTGTTCACT,left.TG.6,26,18
50,12,13,2,AC,25,ACCCGAGGGGCACTTAGGGAGCAGGGGGGCAGTGAACAGAGGTGTTCGGAAGGTGACAACATCCAGCTTTGCCTATTTCAAC,ACCCGAGGGGCACTTAGGGAGCAGGGGGGCAGTGAACA,GGAAGGTGACAACATCCAGCTTTGCCTATTTCAAC,left,TG,6,4,2,GAGGTGTTC,9,ss,12.TG.GAGGTGTTC,13.TG.GAGGTGTTC,left.TG.6,26,18
51,12,0,2,CA,12,ACCCGAGGGGCACTTAGGGAGCAGGGGGGCAGTGAACAGAGGTGTTGGGGCATAAAAACGGAAGGTGACAACATCCAGCTTTGCCTATTTCAAC,ACCCGAGGGGCACTTAGGGAGCAGGGGGGCAGTGAACA,GGGGCATAAAAACGGAAGGTGACAACATCCAGCTTTGCCTATTTCAAC,left,TG,6,4,2,GAGGTGTT,8,ss,12.TG.GAGGTGTT,0.TG.GAGGTGTT,left.TG.6,26,18
52,12,1,3,AGG,13,ACCCGAGGGGCACTTAGGGAGCAGGGGGGCAGTGAACAGGGCATAAAAACGGAAGGTGACAACATCCAGCTTTGCCTATTTCAAC,ACCCGAGGGGCACTTAGGGAGCAGGGGGGCAGTGAACA,GGCATAAAAACGGAAGGTGACAACATCCAGCTTTGCCTATTTCAAC,left,TG,6,4,2,G,1,ss,12.TG.G,1.TG.G,left.TG.6,26,18
53,7,5,2,GC,12,ACCCGAGGGGCACTTAGGGAGCAGGGGGGCAGATAAAAACGGAAGGTGACAACATCCAGCTTTGCCTATTTCAAC,ACCCGAGGGGCACTTAGGGAGCAGGGGGGCAG,ATAAAAACGGAAGGTGACAACATCCAGCTTTGCCTATTTCAAC,left,CT,7,9,2,,0,inv,7.CT.,5.CT.,left.CT.7,26,20
54,8,5,2,GC,13,ACCCGAGGGGCACTTAGGGAGCAGGGGGGCAGTGAACTATAAAAACGGAAGGTGACAACATCCAGCTTTGCCTATTTCAAC,ACCCGAGGGGCACTTAGGGAGCAGGGGGGCAGTGA,ATAAAAACGGAAGGTGACAACATCCAGCTTTGCCTATTTCAAC,left,TC,8,5,2,ACT,3,inv,8.TC.ACT,5.TC.ACT,left.TC.8,26,22
55,8,13,2,AC,21,ACCCGAGGGGCACTTAGGGAGCAGGGGGGCAGTGAGGAAGGTGACAACATCCAGCTTTGCCTATTTCAAC,ACCCGAGGGGCACTTAGGGAGCAGGGGGGCAGTGA,GGAAGGTGACAACATCCAGCTTTGCCTATTTCAAC,left,TC,8,5,2,,0,inv,8.TC.,13.TC.,left.TC.8,26,22
56,15,5,2,GC,20,ACCCGAGGGGCACTTAGGGAGCAGGGGGGCAGTGAGGTGTTCACTATAAAAACGGAAGGTGACAACATCCAGCTTTGCCTATTTCAAC,ACCCGAGGGGCACTTAGGGAGCAGGGGGGCAGTGA,ATAAAAACGGAAGGTGACAACATCCAGCTTTGCCTATTTCAAC,left,TC,8,5,2,GGTGTTCACT,10,ss,15.TC.GGTGTTCACT,5.TC.GGTGTTCACT,left.TC.8,26,22
57,15,13,2,AC,28,ACCCGAGGGGCACTTAGGGAGCAGGGGGGCAGTGAGGTGTTCGGAAGGTGACAACATCCAGCTTTGCCTATTTCAAC,ACCCGAGGGGCACTTAGGGAGCAGGGGGGCAGTGA,GGAAGGTGACAACATCCAGCTTTGCCTATTTCAAC,left,TC,8,5,2,GGTGTTC,7,ss,15.TC.GGTGTTC,13.TC.GGTGTTC,left.TC.8,26,22
58,15,0,2,CA,15,ACCCGAGGGGCACTTAGGGAGCAGGGGGGCAGTGAGGTGTTGGGGCATAAAAACGGAAGGTGACAACATCCAGCTTTGCCTATTTCAAC,ACCCGAGGGGCACTTAGGGAGCAGGGGGGCAGTGA,GGGGCATAAAAACGGAAGGTGACAACATCCAGCTTTGCCTATTTCAAC,left,TC,8,5,2,GGTGTT,6,ss,15.TC.GGTGTT,0.TC.GGTGTT,left.TC.8,26,22
59,15,3,2,GG,18,ACCCGAGGGGCACTTAGGGAGCAGGGGGGCAGTGAGCATAAAAACGGAAGGTGACAACATCCAGCTTTGCCTATTTCAAC,ACCCGAGGGGCACTTAGGGAGCAGGGGGGCAGTGA,GCATAAAAACGGAAGGTGACAACATCCAGCTTTGCCTATTTCAAC,left,TC,8,5,2,,0,ss,15.TC.,3.TC.,left.TC.8,26,22
60,18,5,2,GC,23,ACCCGAGGGGCACTTAGGGAGCAGGGGGGCAGGTGTTCACTATAAAAACGGAAGGTGACAACATCCAGCTTTGCCTATTTCAAC,ACCCGAGGGGCACTTAGGGAGCAGGGGGGCAG,ATAAAAACGGAAGGTGACAACATCCAGCTTTGCCTATTTCAAC,left,CT,9,7,2,GTGTTCACT,9,ss,18.CT.GTGTTCACT,5.CT.GTGTTCACT,left.CT.9,26,24
61,18,13,2,AC,31,ACCCGAGGGGCACTTAGGGAGCAGGGGGGCAGGTGTTCGGAAGGTGACAACATCCAGCTTTGCCTATTTCAAC,ACCCGAGGGGCACTTAGGGAGCAGGGGGGCAG,GGAAGGTGACAACATCCAGCTTTGCCTATTTCAAC,left,CT,9,7,2,GTGTTC,6,ss,18.CT.GTGTTC,13.CT.GTGTTC,left.CT.9,26,24
62,18,0,2,CA,18,ACCCGAGGGGCACTTAGGGAGCAGGGGGGCAGGTGTTGGGGCATAAAAACGGAAGGTGACAACATCCAGCTTTGCCTATTTCAAC,ACCCGAGGGGCACTTAGGGAGCAGGGGGGCAG,GGGGCATAAAAACGGAAGGTGACAACATCCAGCTTTGCCTATTTCAAC,left,CT,9,7,2,GTGTT,5,ss,18.CT.GTGTT,0.CT.GTGTT,left.CT.9,26,24
63,10,1,2,AG,11,ACCCGAGGGGCACTTAGGGAGCAGGGGGGCCCCTGCTCCCTAGGGCATAAAAACGGAAGGTGACAACATCCAGCTTTGCCTATTTCAAC,ACCCGAGGGGCACTTAGGGAGCAGGGGGG,GGGCATAAAAACGGAAGGTGACAACATCCAGCTTTGCCTATTTCAAC,left,CC,10,9,2,CCCCTGCTCCCTA,13,inv,10.CC.CCCCTGCTCCCTA,1.CC.CCCCTGCTCCCTA,left.CC.10,26,26
64,10,8,3,TAA,18,ACCCGAGGGGCACTTAGGGAGCAGGGGGGCCCCTGCTCCCAAACGGAAGGTGACAACATCCAGCTTTGCCTATTTCAAC,ACCCGAGGGGCACTTAGGGAGCAGGGGGG,AAACGGAAGGTGACAACATCCAGCTTTGCCTATTTCAAC,left,CC,10,9,2,CCCCTGCTCCC,11,inv,10.CC.CCCCTGCTCCC,8.CC.CCCCTGCTCCC,left.CC.10,26,26
65,10,5,2,GC,15,ACCCGAGGGGCACTTAGGGAGCAGGGGGGCCCCTATAAAAACGGAAGGTGACAACATCCAGCTTTGCCTATTTCAAC,ACCCGAGGGGCACTTAGGGAGCAGGGGGG,ATAAAAACGGAAGGTGACAACATCCAGCTTTGCCTATTTCAAC,left,CC,10,9,2,CCCCT,5,inv,10.CC.CCCCT,5.CC.CCCCT,left.CC.10,26,26
66,21,5,2,GC,26,ACCCGAGGGGCACTTAGGGAGCAGGGGGGTGTTCACTATAAAAACGGAAGGTGACAACATCCAGCTTTGCCTATTTCAAC,ACCCGAGGGGCACTTAGGGAGCAGGGGGG,ATAAAAACGGAAGGTGACAACATCCAGCTTTGCCTATTTCAAC,left,CC,10,9,2,TGTTCACT,8,ss,21.CC.TGTTCACT,5.CC.TGTTCACT,left.CC.10,26,26
67,21,13,2,AC,34,ACCCGAGGGGCACTTAGGGAGCAGGGGGGTGTTCGGAAGGTGACAACATCCAGCTTTGCCTATTTCAAC,ACCCGAGGGGCACTTAGGGAGCAGGGGGG,GGAAGGTGACAACATCCAGCTTTGCCTATTTCAAC,left,CC,10,9,2,TGTTC,5,ss,21.CC.TGTTC,13.CC.TGTTC,left.CC.10,26,26
68,21,0,2,CA,21,ACCCGAGGGGCACTTAGGGAGCAGGGGGGTGTTGGGGCATAAAAACGGAAGGTGACAACATCCAGCTTTGCCTATTTCAAC,ACCCGAGGGGCACTTAGGGAGCAGGGGGG,GGGGCATAAAAACGGAAGGTGACAACATCCAGCTTTGCCTATTTCAAC,left,CC,10,9,2,TGTT,4,ss,21.CC.TGTT,0.CC.TGTT,left.CC.10,26,26
69,11,5,2,GC,16,ACCCGAGGGGCACTTAGGGAGCAGGGGGGCAGTTATAAAAACGGAAGGTGACAACATCCAGCTTTGCCTATTTCAAC,ACCCGAGGGGCACTTAGGGAGCAGGGGGGCAGT,ATAAAAACGGAAGGTGACAACATCCAGCTTTGCCTATTTCAAC,left,AC,11,4,2,T,1,inv,11.AC.T,5.AC.T,left.AC.11,26,28
70,17,5,2,GC,22,ACCCGAGGGGCACTTAGGGAGCAGGGGGGCAGTGTTCACTATAAAAACGGAAGGTGACAACATCCAGCTTTGCCTATTTCAAC,ACCCGAGGGGCACTTAGGGAGCAGGGGGGCAGT,ATAAAAACGGAAGGTGACAACATCCAGCTTTGCCTATTTCAAC,left,AC,11,4,2,GTTCACT,7,ss,17.AC.GTTCACT,5.AC.GTTCACT,left.AC.11,26,28
71,17,13,2,AC,30,ACCCGAGGGGCACTTAGGGAGCAGGGGGGCAGTGTTCGGAAGGTGACAACATCCAGCTTTGCCTATTTCAAC,ACCCGAGGGGCACTTAGGGAGCAGGGGGGCAGT,GGAAGGTGACAACATCCAGCTTTGCCTATTTCAAC,left,AC,11,4,2,GTTC,4,ss,17.AC.GTTC,13.AC.GTTC,left.AC.11,26,28
72,17,0,2,CA,17,ACCCGAGGGGCACTTAGGGAGCAGGGGGGCAGTGTTGGGGCATAAAAACGGAAGGTGACAACATCCAGCTTTGCCTATTTCAAC,ACCCGAGGGGCACTTAGGGAGCAGGGGGGCAGT,GGGGCATAAAAACGGAAGGTGACAACATCCAGCTTTGCCTATTTCAAC,left,AC,11,4,2,GTT,3,ss,17.AC.GTT,0.AC.GTT,left.AC.11,26,28
73,1,15,2,GA,16,ACCCGAGGGGCACTTAGGGAGAATAGGCAAAGCTGGGCATAAAAACGGAAGGTGACAACATCCAGCTTTGCCTATTTCAAC,ACCCGAGGGGCACTTAGGGAG,GGGCATAAAAACGGAAGGTGACAACATCCAGCTTTGCCTATTTCAAC,right,TCC,15,11,3,AATAGGCAAAGCT,13,inv,1.TCC.AATAGGCAAAGCT,15.TCC.AATAGGCAAAGCT,right.TCC.15,33,2
74,3,15,2,AT,18,ACCCGAGGGGCACTTAGGGAGAGGCAAAGCTGCATAAAAACGGAAGGTGACAACATCCAGCTTTGCCTATTTCAAC,ACCCGAGGGGCACTTAGGGAG,GCATAAAAACGGAAGGTGACAACATCCAGCTTTGCCTATTTCAAC,right,TCC,15,11,3,AGGCAAAGCT,10,inv,3.TCC.AGGCAAAGCT,15.TCC.AGGCAAAGCT,right.TCC.15,33,2
75,0,15,2,AG,15,ACCCGAGGGGCACTTAGGGAGCTGGGGCATAAAAACGGAAGGTGACAACATCCAGCTTTGCCTATTTCAAC,ACCCGAGGGGCACTTAGGGAG,GGGGCATAAAAACGGAAGGTGACAACATCCAGCTTTGCCTATTTCAAC,right,TCC,15,11,3,CT,2,inv,0.TCC.CT,15.TCC.CT,right.TCC.15,33,2
76,4,15,3,GCA,19,ACCCGAGGGGCACTTAGGGAGAAGCTATAAAAACGGAAGGTGACAACATCCAGCTTTGCCTATTTCAAC,ACCCGAGGGGCACTTAGGGAG,ATAAAAACGGAAGGTGACAACATCCAGCTTTGCCTATTTCAAC,right,TCC,15,11,3,AAGCT,5,inv,4.TCC.AAGCT,15.TCC.AAGCT,right.TCC.15,33,2
77,5,15,2,GC,20,ACCCGAGGGGCACTTAGGGAGTATAAAAACGGAAGGTGACAACATCCAGCTTTGCCTATTTCAAC,ACCCGAGGGGCACTTAGGGAG,ATAAAAACGGAAGGTGACAACATCCAGCTTTGCCTATTTCAAC,right,TCC,15,11,3,T,1,inv,5.TCC.T,15.TCC.T,right.TCC.15,33,2
78,9,15,2,CT,24,ACCCGAGGGGCACTTAGGGAGAAACGGAAGGTGACAACATCCAGCTTTGCCTATTTCAAC,ACCCGAGGGGCACTTAGGGAG,AAACGGAAGGTGACAACATCCAGCTTTGCCTATTTCAAC,right,TCC,15,11,3,,0,inv,9.TCC.,15.TCC.,right.TCC.15,33,2
79,2,29,2,TG,31,ACCCGAGGGGCACTTAGGGAGTCACCTGGCATAAAAACGGAAGGTGACAACATCCAGCTTTGCCTATTTCAAC,ACCCGAGGGGCACTTAGGGAG,GGCATAAAAACGGAAGGTGACAACATCCAGCTTTGCCTATTTCAAC,right,TCC,15,11,3,TCACCT,6,ss,2.TCC.TCACCT,29.TCC.TCACCT,right.TCC.15,33,2
80,1,29,2,GA,30,ACCCGAGGGGCACTTAGGGAGTGTTGTCACCTGGGCATAAAAACGGAAGGTGACAACATCCAGCTTTGCCTATTTCAAC,ACCCGAGGGGCACTTAGGGAG,GGGCATAAAAACGGAAGGTGACAACATCCAGCTTTGCCTATTTCAAC,right,TCC,15,11,3,TGTTGTCACCT,11,ss,1.TCC.TGTTGTCACCT,29.TCC.TGTTGTCACCT,right.TCC.15,33,2
81,2,29,3,ATG,31,ACCCGAGGGGCACTTAGGGAGTTGTCACCTGCATAAAAACGGAAGGTGACAACATCCAGCTTTGCCTATTTCAAC,ACCCGAGGGGCACTTAGGGAG,GCATAAAAACGGAAGGTGACAACATCCAGCTTTGCCTATTTCAAC,right,TCC,15,11,3,TTGTCACCT,9,ss,2.TCC.TTGTCACCT,29.TCC.TTGTCACCT,right.TCC.15,33,2
82,8,29,2,TC,37,ACCCGAGGGGCACTTAGGGAGACCTAAAACGGAAGGTGACAACATCCAGCTTTGCCTATTTCAAC,ACCCGAGGGGCACTTAGGGAG,AAAACGGAAGGTGACAACATCCAGCTTTGCCTATTTCAAC,right,TCC,15,11,3,ACCT,4,ss,8.TCC.ACCT,29.TCC.ACCT,right.TCC.15,33,2
83,4,29,2,CA,33,ACCCGAGGGGCACTTAGGGAGCCTCATAAAAACGGAAGGTGACAACATCCAGCTTTGCCTATTTCAAC,ACCCGAGGGGCACTTAGGGAG,CATAAAAACGGAAGGTGACAACATCCAGCTTTGCCTATTTCAAC,right,TCC,15,11,3,CCT,3,ss,4.TCC.CCT,29.TCC.CCT,right.TCC.15,33,2
84,0,13,2,AG,13,ACCCGAGGGGCACTTAGGGAGCAGGGGGGCCTGGATGTTGTCGGGGCATAAAAACGGAAGGTGACAACATCCAGCTTTGCCTATTTCAAC,ACCCGAGGGGCACTTAGGGAGCAGGGGGGC,GGGGCATAAAAACGGAAGGTGACAACATCCAGCTTTGCCTATTTCAAC,right,GT,13,5,2,CTGGATGTTGTC,12,inv,0.GT.CTGGATGTTGTC,13.GT.CTGGATGTTGTC,right.GT.13,33,4
85,5,13,2,GC,18,ACCCGAGGGGCACTTAGGGAGCAGGGGGGCTGGATGTTGTCATAAAAACGGAAGGTGACAACATCCAGCTTTGCCTATTTCAAC,ACCCGAGGGGCACTTAGGGAGCAGGGGGGC,ATAAAAACGGAAGGTGACAACATCCAGCTTTGCCTATTTCAAC,right,GT,13,5,2,TGGATGTTGTC,11,inv,5.GT.TGGATGTTGTC,13.GT.TGGATGTTGTC,right.GT.13,33,4
86,6,13,3,CTG,19,ACCCGAGGGGCACTTAGGGAGCAGGGGGGCGATGTTGTCAAAAACGGAAGGTGACAACATCCAGCTTTGCCTATTTCAAC,ACCCGAGGGGCACTTAGGGAGCAGGGGGGC,AAAAACGGAAGGTGACAACATCCAGCTTTGCCTATTTCAAC,right,GT,13,5,2,GATGTTGTC,9,inv,6.GT.GATGTTGTC,13.GT.GATGTTGTC,right.GT.13,33,4
87,2,13,2,TG,15,ACCCGAGGGGCACTTAGGGAGCAGGGGGGCTCGGCATAAAAACGGAAGGTGACAACATCCAGCTTTGCCTATTTCAAC,ACCCGAGGGGCACTTAGGGAGCAGGGGGGC,GGCATAAAAACGGAAGGTGACAACATCCAGCTTTGCCTATTTCAAC,right,GT,13,5,2,TC,2,inv,2.GT.TC,13.GT.TC,right.GT.13,33,4
88,1,13,2,GA,14,ACCCGAGGGGCACTTAGGGAGCAGGGGGGCTGTTGTCGGGCATAAAAACGGAAGGTGACAACATCCAGCTTTGCCTATTTCAAC,ACCCGAGGGGCACTTAGGGAGCAGGGGGGC,GGGCATAAAAACGGAAGGTGACAACATCCAGCTTTGCCTATTTCAAC,right,GT,13,5,2,TGTTGTC,7,inv,1.GT.TGTTGTC,13.GT.TGTTGTC,right.GT.13,33,4
89,2,13,3,ATG,15,ACCCGAGGGGCACTTAGGGAGCAGGGGGGCTTGTCGCATAAAAACGGAAGGTGACAACATCCAGCTTTGCCTATTTCAAC,ACCCGAGGGGCACTTAGGGAGCAGGGGGGC,GCATAAAAACGGAAGGTGACAACATCCAGCTTTGCCTATTTCAAC,right,GT,13,5,2,TTGTC,5,inv,2.GT.TTGTC,13.GT.TTGTC,right.GT.13,33,4
90,8,13,2,TC,21,ACCCGAGGGGCACTTAGGGAGCAGGGGGGCAAAACGGAAGGTGACAACATCCAGCTTTGCCTATTTCAAC,ACCCGAGGGGCACTTAGGGAGCAGGGGGGC,AAAACGGAAGGTGACAACATCCAGCTTTGCCTATTTCAAC,right,GT,13,5,2,,0,inv,8.GT.,13.GT.,right.GT.13,33,4
91,2,20,3,ATG,22,ACCCGAGGGGCACTTAGGGAGCAGGGGGGCTTGTCACCTTCCGCATAAAAACGGAAGGTGACAACATCCAGCTTTGCCTATTTCAAC,ACCCGAGGGGCACTTAGGGAGCAGGGGGGC,GCATAAAAACGGAAGGTGACAACATCCAGCTTTGCCTATTTCAAC,right,GT,13,5,2,TTGTCACCTTCC,12,ss,2.GT.TTGTCACCTTCC,20.GT.TTGTCACCTTCC,right.GT.13,33,4
92,2,20,2,TG,22,ACCCGAGGGGCACTTAGGGAGCAGGGGGGCTCACCTTCCGGCATAAAAACGGAAGGTGACAACATCCAGCTTTGCCTATTTCAAC,ACCCGAGGGGCACTTAGGGAGCAGGGGGGC,GGCATAAAAACGGAAGGTGACAACATCCAGCTTTGCCTATTTCAAC,right,GT,13,5,2,TCACCTTCC,9,ss,2.GT.TCACCTTCC,20.GT.TCACCTTCC,right.GT.13,33,4
93,8,20,2,TC,28,ACCCGAGGGGCACTTAGGGAGCAGGGGGGCCAAAACGGAAGGTGACAACATCCAGCTTTGCCTATTTCAAC,ACCCGAGGGGCACTTAGGGAGCAGGGGGGC,AAAACGGAAGGTGACAACATCCAGCTTTGCCTATTTCAAC,right,GT,13,5,2,C,1,ss,8.GT.C,20.GT.C,right.GT.13,33,4
94,4,20,2,CA,24,ACCCGAGGGGCACTTAGGGAGCAGGGGGGCCCTTCCCATAAAAACGGAAGGTGACAACATCCAGCTTTGCCTATTTCAAC,ACCCGAGGGGCACTTAGGGAGCAGGGGGGC,CATAAAAACGGAAGGTGACAACATCCAGCTTTGCCTATTTCAAC,right,GT,13,5,2,CCTTCC,6,ss,4.GT.CCTTCC,20.GT.CCTTCC,right.GT.13,33,4
95,9,20,4,ACCT,29,ACCCGAGGGGCACTTAGGGAGCAGGGGGGCTCCACGGAAGGTGACAACATCCAGCTTTGCCTATTTCAAC,ACCCGAGGGGCACTTAGGGAGCAGGGGGGC,ACGGAAGGTGACAACATCCAGCTTTGCCTATTTCAAC,right,GT,13,5,2,TCC,3,ss,9.GT.TCC,20.GT.TCC,right.GT.13,33,4
96,10,20,2,CC,30,ACCCGAGGGGCACTTAGGGAGCAGGGGGGCAACGGAAGGTGACAACATCCAGCTTTGCCTATTTCAAC,ACCCGAGGGGCACTTAGGGAGCAGGGGGGC,AACGGAAGGTGACAACATCCAGCTTTGCCTATTTCAAC,right,GT,13,5,2,,0,ss,10.GT.,20.GT.,right.GT.13,33,4
97,11,20,2,AC,31,ACCCGAGGGGCACTTAGGGAGCAGGGGGGCCTTCCACGGAAGGTGACAACATCCAGCTTTGCCTATTTCAAC,ACCCGAGGGGCACTTAGGGAGCAGGGGGGC,ACGGAAGGTGACAACATCCAGCTTTGCCTATTTCAAC,right,GT,13,5,2,CTTCC,5,ss,11.GT.CTTCC,20.GT.CTTCC,right.GT.13,33,4
